subject,run,file,url,bytes,sha256,download_url
1,1,S001R01.edf,https://physionet.org/files/eegmmidb/1.0.0/S001/S001R01.edf,1275936,4743b736131a7e147c150e8b37711029b6cda5e356c4b3e8261a03cdcaaf8b0c,https://physionet-open.s3.amazonaws.com/eegmmidb/1.0.0/S001/S001R01.edf
1,2,S001R02.edf,https://physionet.org/files/eegmmidb/1.0.0/S001/S001R02.edf,1275936,31a95e0a880e6c3d89960d9d62c144f24cc4e9f5d7e93c7f864ef61cd49e847e,https://physionet-open.s3.amazonaws.com/eegmmidb/1.0.0/S001/S001R02.edf
2,1,S002R01.edf,https://physionet.org/files/eegmmidb/1.0.0/S002/S002R01.edf,1275936,d542689b31c977838f20b1a2062865b98ecf10a7e9702f56f101000d47f2ec68,https://physionet-open.s3.amazonaws.com/eegmmidb/1.0.0/S002/S002R01.edf
2,2,S002R02.edf,https://physionet.org/files/eegmmidb/1.0.0/S002/S002R02.edf,1275936,666a9299341ece77522df050b1ddd128179a540548d82642ba975a65b4f6d84e,https://physionet-open.s3.amazonaws.com/eegmmidb/1.0.0/S002/S002R02.edf
3,1,S003R01.edf,https://physionet.org/files/eegmmidb/1.0.0/S003/S003R01.edf,1275936,2af68afa8d4f158a7ae7f3903b66f0947925880639b7a8b5b6bb13b0c6c50f96,https://physionet-open.s3.amazonaws.com/eegmmidb/1.0.0/S003/S003R01.edf
3,2,S003R02.edf,https://physionet.org/files/eegmmidb/1.0.0/S003/S003R02.edf,1275936,41044fea497e05650c4b1f4009011b44a50a6cefd55d5afa9e1d1b7988afd6e5,https://physionet-open.s3.amazonaws.com/eegmmidb/1.0.0/S003/S003R02.edf
4,1,S004R01.edf,https://physionet.org/files/eegmmidb/1.0.0/S004/S004R01.edf,1275936,23e9645f492488d2376ac3a606d177043efc6e5fb00281c2d6648e4b06a6ce62,https://physionet-open.s3.amazonaws.com/eegmmidb/1.0.0/S004/S004R01.edf
4,2,S004R02.edf,https://physionet.org/files/eegmmidb/1.0.0/S004/S004R02.edf,1275936,32134f3ce7056fd6487855552636b8f93ea2d67631ef1da6f6474eda6040162f,https://physionet-open.s3.amazonaws.com/eegmmidb/1.0.0/S004/S004R02.edf
5,1,S005R01.edf,https://physionet.org/files/eegmmidb/1.0.0/S005/S005R01.edf,1275936,f84f58d7d96bce1700af8b2c9e333d66e4b2183e34b3ed5634840fff37845af0,https://physionet-open.s3.amazonaws.com/eegmmidb/1.0.0/S005/S005R01.edf
5,2,S005R02.edf,https://physionet.org/files/eegmmidb/1.0.0/S005/S005R02.edf,1275936,bdb498c613cd048a889899282e8f5491c23a76731f3c2be11800362b7bbcb836,https://physionet-open.s3.amazonaws.com/eegmmidb/1.0.0/S005/S005R02.edf
6,1,S006R01.edf,https://physionet.org/files/eegmmidb/1.0.0/S006/S006R01.edf,1275936,bfe32b925fdd469c90ce6913f7409cf85e4492b40d36c77b83511592d6e4c647,https://physionet-open.s3.amazonaws.com/eegmmidb/1.0.0/S006/S006R01.edf
6,2,S006R02.edf,https://physionet.org/files/eegmmidb/1.0.0/S006/S006R02.edf,1275936,f114ee8be3445ff48c78422d4cc7b6b68ab83d79f06cb47634b1710796aeda4f,https://physionet-open.s3.amazonaws.com/eegmmidb/1.0.0/S006/S006R02.edf
7,1,S007R01.edf,https://physionet.org/files/eegmmidb/1.0.0/S007/S007R01.edf,1275936,2ca422c6076860f12bce174799c5d7e85cae46b7b09a8e8519681d0f82168b22,https://physionet-open.s3.amazonaws.com/eegmmidb/1.0.0/S007/S007R01.edf
7,2,S007R02.edf,https://physionet.org/files/eegmmidb/1.0.0/S007/S007R02.edf,1275936,9afdeee151fbbcf9ab5ab3537f8f647f0303d97f506048cfdcc6a99d8da809a7,https://physionet-open.s3.amazonaws.com/eegmmidb/1.0.0/S007/S007R02.edf
8,1,S008R01.edf,https://physionet.org/files/eegmmidb/1.0.0/S008/S008R01.edf,1275936,678e47541d9903c300ba7811554ad1f8bfbe2bff086407cb4ff489d2d0e507bc,https://physionet-open.s3.amazonaws.com/eegmmidb/1.0.0/S008/S008R01.edf
8,2,S008R02.edf,https://physionet.org/files/eegmmidb/1.0.0/S008/S008R02.edf,1275936,dcd82e2a2477c52ca4a3dc784d9c04a55f935f2ed9ff10cfe0ec880d56c60edc,https://physionet-open.s3.amazonaws.com/eegmmidb/1.0.0/S008/S008R02.edf
9,1,S009R01.edf,https://physionet.org/files/eegmmidb/1.0.0/S009/S009R01.edf,1275936,37f117b69060f2c784d74fe973d6af30b3b978f9c7c127324273f5741749bb2e,https://physionet-open.s3.amazonaws.com/eegmmidb/1.0.0/S009/S009R01.edf
9,2,S009R02.edf,https://physionet.org/files/eegmmidb/1.0.0/S009/S009R02.edf,1275936,ca5a6f0a0fc6fe11696d5505c3db2b965136d85c4c0590f7c03af1b527b97242,https://physionet-open.s3.amazonaws.com/eegmmidb/1.0.0/S009/S009R02.edf
10,1,S010R01.edf,https://physionet.org/files/eegmmidb/1.0.0/S010/S010R01.edf,1275936,0d694b503e5ea0f6088a790f09390efb1be2688ad92213f5e82fa2f343cd18c4,https://physionet-open.s3.amazonaws.com/eegmmidb/1.0.0/S010/S010R01.edf
10,2,S010R02.edf,https://physionet.org/files/eegmmidb/1.0.0/S010/S010R02.edf,1275936,d44f5f6c774771bc2b6cdd6d29c7f558e11ad11e6198cf4603f473edd4b2074a,https://physionet-open.s3.amazonaws.com/eegmmidb/1.0.0/S010/S010R02.edf
11,1,S011R01.edf,https://physionet.org/files/eegmmidb/1.0.0/S011/S011R01.edf,1275936,374dfa06c6df18e3bd324f4c8aefa462bacb6bf9dcbfe8d58ae6e84ed2bbc443,https://physionet-open.s3.amazonaws.com/eegmmidb/1.0.0/S011/S011R01.edf
11,2,S011R02.edf,https://physionet.org/files/eegmmidb/1.0.0/S011/S011R02.edf,1275936,3d64573c6da6183ec5b8d230e38609d4d7f365a2aecbcc8a310c94d13c986f7e,https://physionet-open.s3.amazonaws.com/eegmmidb/1.0.0/S011/S011R02.edf
12,1,S012R01.edf,https://physionet.org/files/eegmmidb/1.0.0/S012/S012R01.edf,1275936,ad02ce8943d45f07bcf6f69714a61005e570f3fd26f0e8e1bac38c7ad80fcc73,https://physionet-open.s3.amazonaws.com/eegmmidb/1.0.0/S012/S012R01.edf
12,2,S012R02.edf,https://physionet.org/files/eegmmidb/1.0.0/S012/S012R02.edf,1275936,b4f7e8b1b083835899b7b6cbb58c582fd8290311135b3e0148c5b6ffee4f6b1a,https://physionet-open.s3.amazonaws.com/eegmmidb/1.0.0/S012/S012R02.edf
13,1,S013R01.edf,https://physionet.org/files/eegmmidb/1.0.0/S013/S013R01.edf,1275936,6f41486d61f25ea3c38608b650f4e9a19d5e6782113fa184408049267fd75310,https://physionet-open.s3.amazonaws.com/eegmmidb/1.0.0/S013/S013R01.edf
13,2,S013R02.edf,https://physionet.org/files/eegmmidb/1.0.0/S013/S013R02.edf,1275936,f60098973655243b1ce53e1e1bfda84cabb9862849461aef58d170369f2700f0,https://physionet-open.s3.amazonaws.com/eegmmidb/1.0.0/S013/S013R02.edf
14,1,S014R01.edf,https://physionet.org/files/eegmmidb/1.0.0/S014/S014R01.edf,1255296,9ff971d9225e764428182bf4833ce5a60e620b7b157df9798ea6266070442433,https://physionet-open.s3.amazonaws.com/eegmmidb/1.0.0/S014/S014R01.edf
14,2,S014R02.edf,https://physionet.org/files/eegmmidb/1.0.0/S014/S014R02.edf,1275936,6294928380c0ad63219a2713b9f5488d570be1c0f1da72662668c1b4f5bc906d,https://physionet-open.s3.amazonaws.com/eegmmidb/1.0.0/S014/S014R02.edf
15,1,S015R01.edf,https://physionet.org/files/eegmmidb/1.0.0/S015/S015R01.edf,1275936,79564c46036cd6c3d1371811f2cc426c9ac14d09d7da3dcf935a65d1a633c9c6,https://physionet-open.s3.amazonaws.com/eegmmidb/1.0.0/S015/S015R01.edf
15,2,S015R02.edf,https://physionet.org/files/eegmmidb/1.0.0/S015/S015R02.edf,1275936,a4aae371744dcfe5febf36d2605ede4d704524f9971f5501c4316a077d91562a,https://physionet-open.s3.amazonaws.com/eegmmidb/1.0.0/S015/S015R02.edf
16,1,S016R01.edf,https://physionet.org/files/eegmmidb/1.0.0/S016/S016R01.edf,1275936,a0396eaa7765e822a9520e78321044f7296888442e6258f3e33c550228d84576,https://physionet-open.s3.amazonaws.com/eegmmidb/1.0.0/S016/S016R01.edf
16,2,S016R02.edf,https://physionet.org/files/eegmmidb/1.0.0/S016/S016R02.edf,1275936,129dccd14aab4f3c5761f1e301a9f75c9c0e408333fa4736771834dd0eab5d4a,https://physionet-open.s3.amazonaws.com/eegmmidb/1.0.0/S016/S016R02.edf
17,1,S017R01.edf,https://physionet.org/files/eegmmidb/1.0.0/S017/S017R01.edf,1275936,051e38a4601ef46f4e5be488f06e3a6c0cf53263d6166075dd94cbddec38624c,https://physionet-open.s3.amazonaws.com/eegmmidb/1.0.0/S017/S017R01.edf
17,2,S017R02.edf,https://physionet.org/files/eegmmidb/1.0.0/S017/S017R02.edf,1275936,b0a760d49747671b62f7ec39cc147cdf4a3f1a6a7e2f898cddc4f5a0c8b73c5b,https://physionet-open.s3.amazonaws.com/eegmmidb/1.0.0/S017/S017R02.edf
18,1,S018R01.edf,https://physionet.org/files/eegmmidb/1.0.0/S018/S018R01.edf,1275936,664012489cbc59928d2bbd665e4f3d557421e9ecec7a8ff6f46faa64ea9e7028,https://physionet-open.s3.amazonaws.com/eegmmidb/1.0.0/S018/S018R01.edf
18,2,S018R02.edf,https://physionet.org/files/eegmmidb/1.0.0/S018/S018R02.edf,1275936,61c88fcc56859ba2299afb7b1f72a288062826ca7ececf6898224dc9b52c7a70,https://physionet-open.s3.amazonaws.com/eegmmidb/1.0.0/S018/S018R02.edf
19,1,S019R01.edf,https://physionet.org/files/eegmmidb/1.0.0/S019/S019R01.edf,1275936,2c542b11398dfe863ffdfa3e94aa8ee3fe6414b5ca384c7a242b018dd9e9df12,https://physionet-open.s3.amazonaws.com/eegmmidb/1.0.0/S019/S019R01.edf
19,2,S019R02.edf,https://physionet.org/files/eegmmidb/1.0.0/S019/S019R02.edf,1275936,0e82a0cc44fd65c15b9cfaac7143a9915c1712d6286feb81396911e7d4c06925,https://physionet-open.s3.amazonaws.com/eegmmidb/1.0.0/S019/S019R02.edf
20,1,S020R01.edf,https://physionet.org/files/eegmmidb/1.0.0/S020/S020R01.edf,1275936,da48b7d4ed805218e12c70c775b47a3a111670901e06e7de843916c579278693,https://physionet-open.s3.amazonaws.com/eegmmidb/1.0.0/S020/S020R01.edf
20,2,S020R02.edf,https://physionet.org/files/eegmmidb/1.0.0/S020/S020R02.edf,1275936,0fce787b1715bb3799b110bbdf72198fbb5d46af9b25d1c0f55014f245afdfb7,https://physionet-open.s3.amazonaws.com/eegmmidb/1.0.0/S020/S020R02.edf
21,1,S021R01.edf,https://physionet.org/files/eegmmidb/1.0.0/S021/S021R01.edf,1275936,983781fb39c3a747051a04f23484164de485b97ba43a7fd63fd8fe3d7f6f6f3c,https://physionet-open.s3.amazonaws.com/eegmmidb/1.0.0/S021/S021R01.edf
21,2,S021R02.edf,https://physionet.org/files/eegmmidb/1.0.0/S021/S021R02.edf,1275936,cbb27fbbb61a98a9e7edd1f0aefdc5a94d964eea0ca16fe3b752aba6b38ec399,https://physionet-open.s3.amazonaws.com/eegmmidb/1.0.0/S021/S021R02.edf
22,1,S022R01.edf,https://physionet.org/files/eegmmidb/1.0.0/S022/S022R01.edf,1275936,496fc1ca74a265ea0f888b9334ac8b16168ab201dfec3eb7d932e68a5348edc5,https://physionet-open.s3.amazonaws.com/eegmmidb/1.0.0/S022/S022R01.edf
22,2,S022R02.edf,https://physionet.org/files/eegmmidb/1.0.0/S022/S022R02.edf,1275936,1e302df13c28a0cf311c54b205a42155198f2c580e2d3d4e00f6ac66dd5436e1,https://physionet-open.s3.amazonaws.com/eegmmidb/1.0.0/S022/S022R02.edf
23,1,S023R01.edf,https://physionet.org/files/eegmmidb/1.0.0/S023/S023R01.edf,1275936,3dc49252e5969854b3c0b9126058e3a9f28efcddd61a6f570702ee3043fec0fb,https://physionet-open.s3.amazonaws.com/eegmmidb/1.0.0/S023/S023R01.edf
23,2,S023R02.edf,https://physionet.org/files/eegmmidb/1.0.0/S023/S023R02.edf,1275936,e75a898d302ec8aae307d84835922dae6c298607e9a09a95fbaa9d90452831ec,https://physionet-open.s3.amazonaws.com/eegmmidb/1.0.0/S023/S023R02.edf
24,1,S024R01.edf,https://physionet.org/files/eegmmidb/1.0.0/S024/S024R01.edf,1275936,abd9b141d8e2853e30a126a891929bf99f22661e27f571f02d5f6a415b40841a,https://physionet-open.s3.amazonaws.com/eegmmidb/1.0.0/S024/S024R01.edf
24,2,S024R02.edf,https://physionet.org/files/eegmmidb/1.0.0/S024/S024R02.edf,1275936,23634177bf16de6e243a1c7f0902043ccef5befca66b0504950cd45e08cc6e6f,https://physionet-open.s3.amazonaws.com/eegmmidb/1.0.0/S024/S024R02.edf
25,1,S025R01.edf,https://physionet.org/files/eegmmidb/1.0.0/S025/S025R01.edf,1275936,d630db7ef42ec83068197a587f93bd71e218e3d592e190e79111b414633d7fed,https://physionet-open.s3.amazonaws.com/eegmmidb/1.0.0/S025/S025R01.edf
25,2,S025R02.edf,https://physionet.org/files/eegmmidb/1.0.0/S025/S025R02.edf,1275936,a7a4ad734563e92b931f990bcfad62a6d03daaa273c7a4b9f039c3030c1536d7,https://physionet-open.s3.amazonaws.com/eegmmidb/1.0.0/S025/S025R02.edf
26,1,S026R01.edf,https://physionet.org/files/eegmmidb/1.0.0/S026/S026R01.edf,1275936,2c4c52f3afd7dc4742bc1b009744da1172bb9c4f45546acee2fef230931d411b,https://physionet-open.s3.amazonaws.com/eegmmidb/1.0.0/S026/S026R01.edf
26,2,S026R02.edf,https://physionet.org/files/eegmmidb/1.0.0/S026/S026R02.edf,1275936,462ce4f1335dcfc319fa4d706b6a23467512366055f0e3283a836a0232891cbb,https://physionet-open.s3.amazonaws.com/eegmmidb/1.0.0/S026/S026R02.edf
27,1,S027R01.edf,https://physionet.org/files/eegmmidb/1.0.0/S027/S027R01.edf,1275936,16ae12914a9c301b652d64f1d6337e6e31edbc4f64f9c222c3670dd7157ecf21,https://physionet-open.s3.amazonaws.com/eegmmidb/1.0.0/S027/S027R01.edf
27,2,S027R02.edf,https://physionet.org/files/eegmmidb/1.0.0/S027/S027R02.edf,1275936,c0ef16b97e2fff2692e400825728ca3c102b359634ac34a08fd2307f14b05d96,https://physionet-open.s3.amazonaws.com/eegmmidb/1.0.0/S027/S027R02.edf
28,1,S028R01.edf,https://physionet.org/files/eegmmidb/1.0.0/S028/S028R01.edf,1275936,7aefa2fd7d92490654beb7deb417dd5e04c9d7c924716c16a48ee3d73ad6c3ce,https://physionet-open.s3.amazonaws.com/eegmmidb/1.0.0/S028/S028R01.edf
28,2,S028R02.edf,https://physionet.org/files/eegmmidb/1.0.0/S028/S028R02.edf,1275936,3663ccafe904bbf31e929a7999a03e8c387aa645b5a90c8d11b0a8bf751f3d7d,https://physionet-open.s3.amazonaws.com/eegmmidb/1.0.0/S028/S028R02.edf
29,1,S029R01.edf,https://physionet.org/files/eegmmidb/1.0.0/S029/S029R01.edf,1275936,48641d0db6e810c96273d8c26d52510132ae503badf74471558b7c12306265b2,https://physionet-open.s3.amazonaws.com/eegmmidb/1.0.0/S029/S029R01.edf
29,2,S029R02.edf,https://physionet.org/files/eegmmidb/1.0.0/S029/S029R02.edf,1275936,7eff9783f20f4d3521ae877f26d7b2c87c609a920e16d12e5479072c2cb65671,https://physionet-open.s3.amazonaws.com/eegmmidb/1.0.0/S029/S029R02.edf
30,1,S030R01.edf,https://physionet.org/files/eegmmidb/1.0.0/S030/S030R01.edf,1275936,3b0b3d390a9d15b30f95230729a24d5b8a2a55b22ae6ab9ee0c18653068d22e8,https://physionet-open.s3.amazonaws.com/eegmmidb/1.0.0/S030/S030R01.edf
30,2,S030R02.edf,https://physionet.org/files/eegmmidb/1.0.0/S030/S030R02.edf,1275936,0527816f344412f459589c2e29a24f87f956c5ed63328755ef06151c96d1ea0e,https://physionet-open.s3.amazonaws.com/eegmmidb/1.0.0/S030/S030R02.edf
31,1,S031R01.edf,https://physionet.org/files/eegmmidb/1.0.0/S031/S031R01.edf,1275936,55d1e8e8145b8eb6778468b55020662275d152d34f33e18c2893b70605175fa3,https://physionet-open.s3.amazonaws.com/eegmmidb/1.0.0/S031/S031R01.edf
31,2,S031R02.edf,https://physionet.org/files/eegmmidb/1.0.0/S031/S031R02.edf,1275936,e1f18d1810f486b34075e9b2ba9f028e303b5f548c2477d1340ed4ce0f578bf6,https://physionet-open.s3.amazonaws.com/eegmmidb/1.0.0/S031/S031R02.edf
32,1,S032R01.edf,https://physionet.org/files/eegmmidb/1.0.0/S032/S032R01.edf,1275936,ba99cf38dc94b4408469708227736b388eab4cee0a0fb27ecba353ac4348757e,https://physionet-open.s3.amazonaws.com/eegmmidb/1.0.0/S032/S032R01.edf
32,2,S032R02.edf,https://physionet.org/files/eegmmidb/1.0.0/S032/S032R02.edf,1275936,2cf498af92415c18090d52e96ca5977a63ba2041368dd87df761f037f41ce526,https://physionet-open.s3.amazonaws.com/eegmmidb/1.0.0/S032/S032R02.edf
33,1,S033R01.edf,https://physionet.org/files/eegmmidb/1.0.0/S033/S033R01.edf,1275936,5801c97826b681eddd76641707c479385742b0fa35e5fae0935a81fd139fc646,https://physionet-open.s3.amazonaws.com/eegmmidb/1.0.0/S033/S033R01.edf
33,2,S033R02.edf,https://physionet.org/files/eegmmidb/1.0.0/S033/S033R02.edf,1275936,9a4872573c4ba67267f49d8c2d286776792fdbfe76dbd10c696950cdb34f6e90,https://physionet-open.s3.amazonaws.com/eegmmidb/1.0.0/S033/S033R02.edf
34,1,S034R01.edf,https://physionet.org/files/eegmmidb/1.0.0/S034/S034R01.edf,1275936,62814a71a5926f51efe322e6f959b0c6a7b18da7603474a4daa3de3cd4ac2718,https://physionet-open.s3.amazonaws.com/eegmmidb/1.0.0/S034/S034R01.edf
34,2,S034R02.edf,https://physionet.org/files/eegmmidb/1.0.0/S034/S034R02.edf,1275936,5a59bca545dfc4fcafeb49a9c11bace3a0c91029c941c9f2a46fef9904681514,https://physionet-open.s3.amazonaws.com/eegmmidb/1.0.0/S034/S034R02.edf
35,1,S035R01.edf,https://physionet.org/files/eegmmidb/1.0.0/S035/S035R01.edf,1275936,c3f65f266df7240a795efc209424b75cd86a30823f63795b51a62deb095f4700,https://physionet-open.s3.amazonaws.com/eegmmidb/1.0.0/S035/S035R01.edf
35,2,S035R02.edf,https://physionet.org/files/eegmmidb/1.0.0/S035/S035R02.edf,1275936,877f3cbaee32e10af7a724be0d709a3a9dc4121a4068b7e4ae418300830990c9,https://physionet-open.s3.amazonaws.com/eegmmidb/1.0.0/S035/S035R02.edf
36,1,S036R01.edf,https://physionet.org/files/eegmmidb/1.0.0/S036/S036R01.edf,1275936,dbdda796236e1262d7dd1758d7b4c80762b1865047b8bd2b28d59d273fc4f789,https://physionet-open.s3.amazonaws.com/eegmmidb/1.0.0/S036/S036R01.edf
36,2,S036R02.edf,https://physionet.org/files/eegmmidb/1.0.0/S036/S036R02.edf,1275936,0dcc07f8b1362772a26db20e0e8ce9426c463973741bf6ef0079f897771ded0c,https://physionet-open.s3.amazonaws.com/eegmmidb/1.0.0/S036/S036R02.edf
37,1,S037R01.edf,https://physionet.org/files/eegmmidb/1.0.0/S037/S037R01.edf,1275936,51182f52a9316783ef7d393bc1354efcac916524dfa826b3519b132bf516f7db,https://physionet-open.s3.amazonaws.com/eegmmidb/1.0.0/S037/S037R01.edf
37,2,S037R02.edf,https://physionet.org/files/eegmmidb/1.0.0/S037/S037R02.edf,1275936,9d4da39ddfef739b7a2b0b4fc6e9a748cce3c227c665f6a05fcc8a7da91feb9f,https://physionet-open.s3.amazonaws.com/eegmmidb/1.0.0/S037/S037R02.edf
38,1,S038R01.edf,https://physionet.org/files/eegmmidb/1.0.0/S038/S038R01.edf,1275936,cf352ddee891d1f3f6c6aa3fb4e947ae0c89b9dcb2edd0cb2c75defa5c5eb2e1,https://physionet-open.s3.amazonaws.com/eegmmidb/1.0.0/S038/S038R01.edf
38,2,S038R02.edf,https://physionet.org/files/eegmmidb/1.0.0/S038/S038R02.edf,1275936,7af50c7caa2b873015cabd726bc47ac5dc57de2ae61d151e278dd2613aca3681,https://physionet-open.s3.amazonaws.com/eegmmidb/1.0.0/S038/S038R02.edf
39,1,S039R01.edf,https://physionet.org/files/eegmmidb/1.0.0/S039/S039R01.edf,1275936,b1c5ca3e506c3dc0d7dc855f3908b5d4ac3b1839e9fac8e7dd316eaaa50f953e,https://physionet-open.s3.amazonaws.com/eegmmidb/1.0.0/S039/S039R01.edf
39,2,S039R02.edf,https://physionet.org/files/eegmmidb/1.0.0/S039/S039R02.edf,1275936,e54936d509c572066383ae4250e28f41e9990bad464c26eaa10e248667464483,https://physionet-open.s3.amazonaws.com/eegmmidb/1.0.0/S039/S039R02.edf
40,1,S040R01.edf,https://physionet.org/files/eegmmidb/1.0.0/S040/S040R01.edf,1275936,45423b0cfc992bee8cede102265968d424d3731a6a7f2c8fb4a714f4ba3dfe61,https://physionet-open.s3.amazonaws.com/eegmmidb/1.0.0/S040/S040R01.edf
40,2,S040R02.edf,https://physionet.org/files/eegmmidb/1.0.0/S040/S040R02.edf,1275936,3f9cb083e7c2677528a1f4d23243a062c3ea3498fde899803ae752fd29f9c2db,https://physionet-open.s3.amazonaws.com/eegmmidb/1.0.0/S040/S040R02.edf
41,1,S041R01.edf,https://physionet.org/files/eegmmidb/1.0.0/S041/S041R01.edf,1275936,5fec76892825c885cb231c16424e497fa7b0bc5d255f15117c2f896da85a27bb,https://physionet-open.s3.amazonaws.com/eegmmidb/1.0.0/S041/S041R01.edf
41,2,S041R02.edf,https://physionet.org/files/eegmmidb/1.0.0/S041/S041R02.edf,1275936,3c67750762b3ccdc5d76f81e13bd10b996a7d7f6b7a3de4f16985a21484d08d0,https://physionet-open.s3.amazonaws.com/eegmmidb/1.0.0/S041/S041R02.edf
42,1,S042R01.edf,https://physionet.org/files/eegmmidb/1.0.0/S042/S042R01.edf,1275936,34f1adbcb0155953eb68874d9a23cc1a8d7ce57a507bc6ceea9189b410d38439,https://physionet-open.s3.amazonaws.com/eegmmidb/1.0.0/S042/S042R01.edf
42,2,S042R02.edf,https://physionet.org/files/eegmmidb/1.0.0/S042/S042R02.edf,1275936,34bdf9da7d2a4845db721022179717d6ab5b9e7acb47e2c8f96be20a4c6fc30f,https://physionet-open.s3.amazonaws.com/eegmmidb/1.0.0/S042/S042R02.edf
43,1,S043R01.edf,https://physionet.org/files/eegmmidb/1.0.0/S043/S043R01.edf,1275936,49151f1f618da69d7de8bea138e21c0d1f7f9833bdc8b23a9a98c95dbf0120db,https://physionet-open.s3.amazonaws.com/eegmmidb/1.0.0/S043/S043R01.edf
43,2,S043R02.edf,https://physionet.org/files/eegmmidb/1.0.0/S043/S043R02.edf,1275936,51f6d82c5ce4c53a4bc5477d3fa8decd78cc6e3656209b8324df9be0030f27b2,https://physionet-open.s3.amazonaws.com/eegmmidb/1.0.0/S043/S043R02.edf
44,1,S044R01.edf,https://physionet.org/files/eegmmidb/1.0.0/S044/S044R01.edf,1275936,ca0199eeca73ce7b30843e2a06baacca5cfcdc4750cd01a1e237af6feec5dccf,https://physionet-open.s3.amazonaws.com/eegmmidb/1.0.0/S044/S044R01.edf
44,2,S044R02.edf,https://physionet.org/files/eegmmidb/1.0.0/S044/S044R02.edf,1275936,52dd4f7c19b57e0f61aef7db45993dd60678657045b7541e390defb5602724f4,https://physionet-open.s3.amazonaws.com/eegmmidb/1.0.0/S044/S044R02.edf
45,1,S045R01.edf,https://physionet.org/files/eegmmidb/1.0.0/S045/S045R01.edf,1275936,99ed18a81e6d86970dcef27b3bf1ad6d4adf01477b4560aa5e198673de2992bf,https://physionet-open.s3.amazonaws.com/eegmmidb/1.0.0/S045/S045R01.edf
45,2,S045R02.edf,https://physionet.org/files/eegmmidb/1.0.0/S045/S045R02.edf,1275936,91c60dc17ea3b0c8a636b727f5d2caa9d84d6813bbc2a63b40a80d6186e8b75a,https://physionet-open.s3.amazonaws.com/eegmmidb/1.0.0/S045/S045R02.edf
46,1,S046R01.edf,https://physionet.org/files/eegmmidb/1.0.0/S046/S046R01.edf,1275936,49b18f6779e3fdb549c80551379d76ab5fa7f9faa429e171bf4cd38f121ae5d7,https://physionet-open.s3.amazonaws.com/eegmmidb/1.0.0/S046/S046R01.edf
46,2,S046R02.edf,https://physionet.org/files/eegmmidb/1.0.0/S046/S046R02.edf,1275936,73f41c42ba32cc7acb2d2312bd33308378310e3a4be74490589b95e91fb64d45,https://physionet-open.s3.amazonaws.com/eegmmidb/1.0.0/S046/S046R02.edf
47,1,S047R01.edf,https://physionet.org/files/eegmmidb/1.0.0/S047/S047R01.edf,1275936,e9e5061be6fea706fdbf03bbc9d0d8de48476d036553a06ff0117c98b60303c2,https://physionet-open.s3.amazonaws.com/eegmmidb/1.0.0/S047/S047R01.edf
47,2,S047R02.edf,https://physionet.org/files/eegmmidb/1.0.0/S047/S047R02.edf,1275936,bf7069f688dd19df47c0f9f9b0fcdd6c01fba48a170d5c0dae8551abec383388,https://physionet-open.s3.amazonaws.com/eegmmidb/1.0.0/S047/S047R02.edf
48,1,S048R01.edf,https://physionet.org/files/eegmmidb/1.0.0/S048/S048R01.edf,1275936,c614f7a42eee90e494006d410917f21c7cc14e04f6cf86e0728437c636286171,https://physionet-open.s3.amazonaws.com/eegmmidb/1.0.0/S048/S048R01.edf
48,2,S048R02.edf,https://physionet.org/files/eegmmidb/1.0.0/S048/S048R02.edf,1275936,dba6cfa10d8bf65a0ecf681c3d1f7112bfc96e50eaa9c2782a52dc90fb81ef00,https://physionet-open.s3.amazonaws.com/eegmmidb/1.0.0/S048/S048R02.edf
49,1,S049R01.edf,https://physionet.org/files/eegmmidb/1.0.0/S049/S049R01.edf,1275936,bdfcb91b7c914a621617d59cd6f132c9f3229f64f22084e57904232e84c2eaf9,https://physionet-open.s3.amazonaws.com/eegmmidb/1.0.0/S049/S049R01.edf
49,2,S049R02.edf,https://physionet.org/files/eegmmidb/1.0.0/S049/S049R02.edf,1275936,1a717c22907a799d191aa1e34b4702d5429359f0d10419ae64aa3baf6d4a9241,https://physionet-open.s3.amazonaws.com/eegmmidb/1.0.0/S049/S049R02.edf
50,1,S050R01.edf,https://physionet.org/files/eegmmidb/1.0.0/S050/S050R01.edf,1275936,8407057efedd6e133b5e7b13caba82c90654d2697288d35b27b7fc33aeb4f522,https://physionet-open.s3.amazonaws.com/eegmmidb/1.0.0/S050/S050R01.edf
50,2,S050R02.edf,https://physionet.org/files/eegmmidb/1.0.0/S050/S050R02.edf,1275936,e4d2e4444e5dd830417f8729a549daba168d49e2f2db6467f44aa75ab9554474,https://physionet-open.s3.amazonaws.com/eegmmidb/1.0.0/S050/S050R02.edf
51,1,S051R01.edf,https://physionet.org/files/eegmmidb/1.0.0/S051/S051R01.edf,1255296,47fed7512d9d7d87c2f85deae9f5c8e80c9734b44352ade28655e8a27ba0ecca,https://physionet-open.s3.amazonaws.com/eegmmidb/1.0.0/S051/S051R01.edf
51,2,S051R02.edf,https://physionet.org/files/eegmmidb/1.0.0/S051/S051R02.edf,1275936,e4d456647129cdfb07b277b2c9a2c761d2e6fe92ff273bd6a15456aa5118b4c9,https://physionet-open.s3.amazonaws.com/eegmmidb/1.0.0/S051/S051R02.edf
52,1,S052R01.edf,https://physionet.org/files/eegmmidb/1.0.0/S052/S052R01.edf,1275936,8346bfe5bae53f3a82438211538a6482d4e1c885b5b70953b862a4d30fc0bc26,https://physionet-open.s3.amazonaws.com/eegmmidb/1.0.0/S052/S052R01.edf
52,2,S052R02.edf,https://physionet.org/files/eegmmidb/1.0.0/S052/S052R02.edf,1275936,2ca319811ed895cb132183e3fdcbae6e493bad2759c806833a234c0e7d65fb7e,https://physionet-open.s3.amazonaws.com/eegmmidb/1.0.0/S052/S052R02.edf
53,1,S053R01.edf,https://physionet.org/files/eegmmidb/1.0.0/S053/S053R01.edf,1275936,72184f7aad1257f85cc97ea9afbe7c6e80b4cc3c202403a1323a648955d2d327,https://physionet-open.s3.amazonaws.com/eegmmidb/1.0.0/S053/S053R01.edf
53,2,S053R02.edf,https://physionet.org/files/eegmmidb/1.0.0/S053/S053R02.edf,1275936,e9a60f7a8aea15a1093cfbbd58e2f4cedcbd4ca1fab1fdbaf272386cf87b4bbd,https://physionet-open.s3.amazonaws.com/eegmmidb/1.0.0/S053/S053R02.edf
54,1,S054R01.edf,https://physionet.org/files/eegmmidb/1.0.0/S054/S054R01.edf,1275936,329625cd03103c4162f6de3c409f3664c68481979263f56e50b8dae272e27f7f,https://physionet-open.s3.amazonaws.com/eegmmidb/1.0.0/S054/S054R01.edf
54,2,S054R02.edf,https://physionet.org/files/eegmmidb/1.0.0/S054/S054R02.edf,1275936,55442382a62972894ca7ffcb353b8aa4048043d805da35fff567ad37b47a85e8,https://physionet-open.s3.amazonaws.com/eegmmidb/1.0.0/S054/S054R02.edf
55,1,S055R01.edf,https://physionet.org/files/eegmmidb/1.0.0/S055/S055R01.edf,1275936,38df022c18db1a69e74261fefd85f397b0b55b457384c4c7208ef00f7f6231c6,https://physionet-open.s3.amazonaws.com/eegmmidb/1.0.0/S055/S055R01.edf
55,2,S055R02.edf,https://physionet.org/files/eegmmidb/1.0.0/S055/S055R02.edf,1275936,e872c1d3f02e88cd7c040953e4693c851899a0e3020e85aec1373db26cb1503b,https://physionet-open.s3.amazonaws.com/eegmmidb/1.0.0/S055/S055R02.edf
56,1,S056R01.edf,https://physionet.org/files/eegmmidb/1.0.0/S056/S056R01.edf,1275936,29f8a7a25c02b872dbbf0cb52475ed55b45fd3b5a90e2fc5025691ff389b04b3,https://physionet-open.s3.amazonaws.com/eegmmidb/1.0.0/S056/S056R01.edf
56,2,S056R02.edf,https://physionet.org/files/eegmmidb/1.0.0/S056/S056R02.edf,1275936,061c293fe7d9d36359e77b59c26693809fdf02a4629fee46e9c857b98aa9ad47,https://physionet-open.s3.amazonaws.com/eegmmidb/1.0.0/S056/S056R02.edf
57,1,S057R01.edf,https://physionet.org/files/eegmmidb/1.0.0/S057/S057R01.edf,1275936,0b5b499f95a86f7c04d63cef9489f04a81a335eac0c80ec8897eace504c0205a,https://physionet-open.s3.amazonaws.com/eegmmidb/1.0.0/S057/S057R01.edf
57,2,S057R02.edf,https://physionet.org/files/eegmmidb/1.0.0/S057/S057R02.edf,1275936,e38e0435c54470b41f2c2fde3685d58dddaa127e989474eb30955a5d14009969,https://physionet-open.s3.amazonaws.com/eegmmidb/1.0.0/S057/S057R02.edf
58,1,S058R01.edf,https://physionet.org/files/eegmmidb/1.0.0/S058/S058R01.edf,1275936,6a3d55038d5198b06772b43243f2009436a23c41696e98b57d8d98acd2008df1,https://physionet-open.s3.amazonaws.com/eegmmidb/1.0.0/S058/S058R01.edf
58,2,S058R02.edf,https://physionet.org/files/eegmmidb/1.0.0/S058/S058R02.edf,1275936,1ccaa3ea370002190f9d69c0f799c2e061050388e12ff37acd8d69e09f34d5d8,https://physionet-open.s3.amazonaws.com/eegmmidb/1.0.0/S058/S058R02.edf
59,1,S059R01.edf,https://physionet.org/files/eegmmidb/1.0.0/S059/S059R01.edf,1275936,b8b6001fbd9853ab9cf3cc7dc2c40fe0547fd8904044d4bb5b654a083d6f1584,https://physionet-open.s3.amazonaws.com/eegmmidb/1.0.0/S059/S059R01.edf
59,2,S059R02.edf,https://physionet.org/files/eegmmidb/1.0.0/S059/S059R02.edf,1275936,0135175166b23559b8ff05f4e3a4fa0ba0fa24a65b411e0bc1e20dfda9d89074,https://physionet-open.s3.amazonaws.com/eegmmidb/1.0.0/S059/S059R02.edf
60,1,S060R01.edf,https://physionet.org/files/eegmmidb/1.0.0/S060/S060R01.edf,1275936,ae25d2c837966144341798b0bd0cbcba1b0eddd28a6b31502f813a41fd6ad1d5,https://physionet-open.s3.amazonaws.com/eegmmidb/1.0.0/S060/S060R01.edf
60,2,S060R02.edf,https://physionet.org/files/eegmmidb/1.0.0/S060/S060R02.edf,1275936,597c676b123c5e834048a91035349ce2f72116eef1b80c64602587def6354ad5,https://physionet-open.s3.amazonaws.com/eegmmidb/1.0.0/S060/S060R02.edf
61,1,S061R01.edf,https://physionet.org/files/eegmmidb/1.0.0/S061/S061R01.edf,1275936,b0728cf10eb1885b0d5cbb9fadc43dc1625dcd892b043f05f7a55a375ad1a3eb,https://physionet-open.s3.amazonaws.com/eegmmidb/1.0.0/S061/S061R01.edf
61,2,S061R02.edf,https://physionet.org/files/eegmmidb/1.0.0/S061/S061R02.edf,1275936,e6c090a982e016f10248e16123afd230f8725c5a8bfd56774cb659e94efc3783,https://physionet-open.s3.amazonaws.com/eegmmidb/1.0.0/S061/S061R02.edf
62,1,S062R01.edf,https://physionet.org/files/eegmmidb/1.0.0/S062/S062R01.edf,1275936,3a2d4ed688479495bf9312be25dcd3ffbf393ba786f185700b611e9b95dbd4ef,https://physionet-open.s3.amazonaws.com/eegmmidb/1.0.0/S062/S062R01.edf
62,2,S062R02.edf,https://physionet.org/files/eegmmidb/1.0.0/S062/S062R02.edf,1275936,5ce5b78bebf8a5e7cb5ed88064f0ef25f3c7cea58ffbf791453d5aa2fbdad831,https://physionet-open.s3.amazonaws.com/eegmmidb/1.0.0/S062/S062R02.edf
63,1,S063R01.edf,https://physionet.org/files/eegmmidb/1.0.0/S063/S063R01.edf,1275936,19e89fec35b5227c3ddd5a031668a7311264610cde156def93771adc15685af6,https://physionet-open.s3.amazonaws.com/eegmmidb/1.0.0/S063/S063R01.edf
63,2,S063R02.edf,https://physionet.org/files/eegmmidb/1.0.0/S063/S063R02.edf,1275936,5611a5b628d656e04f3c11c64c3d9da543098757ccff5ee6b41b8b069c3aa682,https://physionet-open.s3.amazonaws.com/eegmmidb/1.0.0/S063/S063R02.edf
64,1,S064R01.edf,https://physionet.org/files/eegmmidb/1.0.0/S064/S064R01.edf,1275936,e208a4c403cb3597ee704d7b59918e86faf195fdaa28587b84efc86708109219,https://physionet-open.s3.amazonaws.com/eegmmidb/1.0.0/S064/S064R01.edf
64,2,S064R02.edf,https://physionet.org/files/eegmmidb/1.0.0/S064/S064R02.edf,1275936,ba4aac54d62892710166b5038da3485a1158d1e03cca99fa9710922623a35bd6,https://physionet-open.s3.amazonaws.com/eegmmidb/1.0.0/S064/S064R02.edf
65,1,S065R01.edf,https://physionet.org/files/eegmmidb/1.0.0/S065/S065R01.edf,1275936,2f6d0594f0207077831c620c299d84ad49cfa36c12af43a32bdbc129f0d9d703,https://physionet-open.s3.amazonaws.com/eegmmidb/1.0.0/S065/S065R01.edf
65,2,S065R02.edf,https://physionet.org/files/eegmmidb/1.0.0/S065/S065R02.edf,1275936,8b33a98df8b418688cc3e5fdcc931c78fc616f6a2f82bf3c166455715b3a9ed1,https://physionet-open.s3.amazonaws.com/eegmmidb/1.0.0/S065/S065R02.edf
66,1,S066R01.edf,https://physionet.org/files/eegmmidb/1.0.0/S066/S066R01.edf,1275936,6511edb550c0b24d34f0fdd8ce50bd61202130524099c1e087aa92e258bdacb9,https://physionet-open.s3.amazonaws.com/eegmmidb/1.0.0/S066/S066R01.edf
66,2,S066R02.edf,https://physionet.org/files/eegmmidb/1.0.0/S066/S066R02.edf,1275936,6ac66d3775bf65c163f944648a5a608248071ae401b45acfa7adca1fe98bd23e,https://physionet-open.s3.amazonaws.com/eegmmidb/1.0.0/S066/S066R02.edf
67,1,S067R01.edf,https://physionet.org/files/eegmmidb/1.0.0/S067/S067R01.edf,1275936,7a869d87fe690e94b63ae466a2f8a888d8baf3a028c1be35b6d7fc2b80cb5eb9,https://physionet-open.s3.amazonaws.com/eegmmidb/1.0.0/S067/S067R01.edf
67,2,S067R02.edf,https://physionet.org/files/eegmmidb/1.0.0/S067/S067R02.edf,1275936,814eb9ee675c39178536aec7223f88869ce3dc0a02592fc422995bf8c9a8f192,https://physionet-open.s3.amazonaws.com/eegmmidb/1.0.0/S067/S067R02.edf
68,1,S068R01.edf,https://physionet.org/files/eegmmidb/1.0.0/S068/S068R01.edf,1275936,7f528d62c8d4b342ff2f958ec6571d425f7d3926f0832ece121fa162efccab1c,https://physionet-open.s3.amazonaws.com/eegmmidb/1.0.0/S068/S068R01.edf
68,2,S068R02.edf,https://physionet.org/files/eegmmidb/1.0.0/S068/S068R02.edf,1275936,b8207c54c2f123032ba589c1d69ebe39503cbd4f539e96935da842fdf9dcfd4d,https://physionet-open.s3.amazonaws.com/eegmmidb/1.0.0/S068/S068R02.edf
69,1,S069R01.edf,https://physionet.org/files/eegmmidb/1.0.0/S069/S069R01.edf,1255296,8da5f1695c8c03bcc530dc1478ff74749380d579a5ca84d6232e1df1815071f4,https://physionet-open.s3.amazonaws.com/eegmmidb/1.0.0/S069/S069R01.edf
69,2,S069R02.edf,https://physionet.org/files/eegmmidb/1.0.0/S069/S069R02.edf,1275936,10456a512b499a18be5cd9d8e6835ad45ab8666db79e25470b7785b062e43e85,https://physionet-open.s3.amazonaws.com/eegmmidb/1.0.0/S069/S069R02.edf
70,1,S070R01.edf,https://physionet.org/files/eegmmidb/1.0.0/S070/S070R01.edf,1275936,5dbb88fd5e39ce0aae257321765c2b9fd67ee9248993c55fdcccf79605442f23,https://physionet-open.s3.amazonaws.com/eegmmidb/1.0.0/S070/S070R01.edf
70,2,S070R02.edf,https://physionet.org/files/eegmmidb/1.0.0/S070/S070R02.edf,1275936,26e7f3e389e357fe2070157a1d4fa0f504cb8e9cefbfcbb2f1cc5997e71a0e7c,https://physionet-open.s3.amazonaws.com/eegmmidb/1.0.0/S070/S070R02.edf
71,1,S071R01.edf,https://physionet.org/files/eegmmidb/1.0.0/S071/S071R01.edf,1275936,55ee9a28e1496f5b730ccbeaf859063b2dcc9f11039905e6fbe04fd7fbeb38d2,https://physionet-open.s3.amazonaws.com/eegmmidb/1.0.0/S071/S071R01.edf
71,2,S071R02.edf,https://physionet.org/files/eegmmidb/1.0.0/S071/S071R02.edf,1275936,d2ba66c8ec637b4fc6304b0562cbce0874ed0faea3464a72221840390717d7d6,https://physionet-open.s3.amazonaws.com/eegmmidb/1.0.0/S071/S071R02.edf
72,1,S072R01.edf,https://physionet.org/files/eegmmidb/1.0.0/S072/S072R01.edf,1275936,7742f6c605fd73b04ca4ddb7dbc1db4a11cae8497107d3720cae64bcf1fa32a3,https://physionet-open.s3.amazonaws.com/eegmmidb/1.0.0/S072/S072R01.edf
72,2,S072R02.edf,https://physionet.org/files/eegmmidb/1.0.0/S072/S072R02.edf,1275936,4d9044d0e5c9c0d71becc31e5f5c1eb5739303905c4523566bf63de7497ff5a4,https://physionet-open.s3.amazonaws.com/eegmmidb/1.0.0/S072/S072R02.edf
73,1,S073R01.edf,https://physionet.org/files/eegmmidb/1.0.0/S073/S073R01.edf,1275936,be8473cb11d653152f32965bfc62691bae4b3df7fbc1e193840667f5912cfb73,https://physionet-open.s3.amazonaws.com/eegmmidb/1.0.0/S073/S073R01.edf
73,2,S073R02.edf,https://physionet.org/files/eegmmidb/1.0.0/S073/S073R02.edf,1275936,843e65b4b436dbd13649e680c90c807d033bb15de8e80e167dcec74335c5db60,https://physionet-open.s3.amazonaws.com/eegmmidb/1.0.0/S073/S073R02.edf
74,1,S074R01.edf,https://physionet.org/files/eegmmidb/1.0.0/S074/S074R01.edf,1275936,5a9fed173c09eb34df7bfb6e79d6c15b616f2cf95c65bbed6b7b392acfa2ac3a,https://physionet-open.s3.amazonaws.com/eegmmidb/1.0.0/S074/S074R01.edf
74,2,S074R02.edf,https://physionet.org/files/eegmmidb/1.0.0/S074/S074R02.edf,1275936,0135aacd143f05dcde96a748fb925d60823187e0b4a910051d81c91a85b72bed,https://physionet-open.s3.amazonaws.com/eegmmidb/1.0.0/S074/S074R02.edf
75,1,S075R01.edf,https://physionet.org/files/eegmmidb/1.0.0/S075/S075R01.edf,1275936,79c65d9990c6606d45d9c3be18ae7226cc97e4757955fd8675f313ff8f91b238,https://physionet-open.s3.amazonaws.com/eegmmidb/1.0.0/S075/S075R01.edf
75,2,S075R02.edf,https://physionet.org/files/eegmmidb/1.0.0/S075/S075R02.edf,1275936,712ea0f0fd69d3b108cde439012068e81b4cae645d170a93d52c1ead4dd45877,https://physionet-open.s3.amazonaws.com/eegmmidb/1.0.0/S075/S075R02.edf
76,1,S076R01.edf,https://physionet.org/files/eegmmidb/1.0.0/S076/S076R01.edf,1275936,86659701591d9e676b453556fd006a7501530d9f328050f2860060150b9ee75b,https://physionet-open.s3.amazonaws.com/eegmmidb/1.0.0/S076/S076R01.edf
76,2,S076R02.edf,https://physionet.org/files/eegmmidb/1.0.0/S076/S076R02.edf,1275936,092bbc018ef8bbfe21ff2ebf10e9587c00a1836a922c391e632b829e38aef05a,https://physionet-open.s3.amazonaws.com/eegmmidb/1.0.0/S076/S076R02.edf
77,1,S077R01.edf,https://physionet.org/files/eegmmidb/1.0.0/S077/S077R01.edf,1275936,1eed03d32fc8cc2cb57cf28fec4b380d56ce3bef548ad82b045d43d7f0ac82b1,https://physionet-open.s3.amazonaws.com/eegmmidb/1.0.0/S077/S077R01.edf
77,2,S077R02.edf,https://physionet.org/files/eegmmidb/1.0.0/S077/S077R02.edf,1275936,164a6d74ebbd56ec2f8a4cc182ff49b6e41b01796d76ee0d3f245e03a6d4675f,https://physionet-open.s3.amazonaws.com/eegmmidb/1.0.0/S077/S077R02.edf
78,1,S078R01.edf,https://physionet.org/files/eegmmidb/1.0.0/S078/S078R01.edf,1275936,42899f0af33e3bc857c963066f250f261d4e76d73c0c7700d223b09d13ad495c,https://physionet-open.s3.amazonaws.com/eegmmidb/1.0.0/S078/S078R01.edf
78,2,S078R02.edf,https://physionet.org/files/eegmmidb/1.0.0/S078/S078R02.edf,1275936,3201f4cdd5585a66c882504f15b3427187c78effd66d16976e178ec396abd878,https://physionet-open.s3.amazonaws.com/eegmmidb/1.0.0/S078/S078R02.edf
79,1,S079R01.edf,https://physionet.org/files/eegmmidb/1.0.0/S079/S079R01.edf,1275936,5dbffbbbeb71b073533cd280510875199ac7b00e5c6225f95c1b88dcf2fbed1a,https://physionet-open.s3.amazonaws.com/eegmmidb/1.0.0/S079/S079R01.edf
79,2,S079R02.edf,https://physionet.org/files/eegmmidb/1.0.0/S079/S079R02.edf,1275936,1a43e3f707804eaeec05bda7513e811ada8701131b93650de93131e2e1befb88,https://physionet-open.s3.amazonaws.com/eegmmidb/1.0.0/S079/S079R02.edf
80,1,S080R01.edf,https://physionet.org/files/eegmmidb/1.0.0/S080/S080R01.edf,1275936,e02ada53d55ff4abf99928b1a5da1773023170f345d2c223a3a73b0362683d62,https://physionet-open.s3.amazonaws.com/eegmmidb/1.0.0/S080/S080R01.edf
80,2,S080R02.edf,https://physionet.org/files/eegmmidb/1.0.0/S080/S080R02.edf,1275936,d4bca47e46e37452771dd39b66a98cffaff0bf9235a8c03efbe3c8edac3d3978,https://physionet-open.s3.amazonaws.com/eegmmidb/1.0.0/S080/S080R02.edf
81,1,S081R01.edf,https://physionet.org/files/eegmmidb/1.0.0/S081/S081R01.edf,1275936,e5aa41fe4d8447c05d0e3efb752f1312210db47de6a670da2c7c57b3cdb1bad8,https://physionet-open.s3.amazonaws.com/eegmmidb/1.0.0/S081/S081R01.edf
81,2,S081R02.edf,https://physionet.org/files/eegmmidb/1.0.0/S081/S081R02.edf,1275936,feca30506294768d8b87d959f757ea1c95e17dd5749627a6d7cb4488b314e230,https://physionet-open.s3.amazonaws.com/eegmmidb/1.0.0/S081/S081R02.edf
82,1,S082R01.edf,https://physionet.org/files/eegmmidb/1.0.0/S082/S082R01.edf,1275936,c36d3ce061cef168595ebbf3995891c60fcefa82dc1534f6dbc4fc6312d09ebe,https://physionet-open.s3.amazonaws.com/eegmmidb/1.0.0/S082/S082R01.edf
82,2,S082R02.edf,https://physionet.org/files/eegmmidb/1.0.0/S082/S082R02.edf,1275936,5a60133110089cd88b358a949f2e1d584fa14f90ff4c4016554f4e3a827aed5c,https://physionet-open.s3.amazonaws.com/eegmmidb/1.0.0/S082/S082R02.edf
83,1,S083R01.edf,https://physionet.org/files/eegmmidb/1.0.0/S083/S083R01.edf,1275936,5f6e11cd2acd6244310fefb52a9754242e5fd67e9d1e9fbc148c40ba6c660815,https://physionet-open.s3.amazonaws.com/eegmmidb/1.0.0/S083/S083R01.edf
83,2,S083R02.edf,https://physionet.org/files/eegmmidb/1.0.0/S083/S083R02.edf,1275936,27108699388b469a3d7c75e75d9156b168715f9cfec764c11ea45d8b188dab1d,https://physionet-open.s3.amazonaws.com/eegmmidb/1.0.0/S083/S083R02.edf
84,1,S084R01.edf,https://physionet.org/files/eegmmidb/1.0.0/S084/S084R01.edf,1275936,b8fe107728ed7e3057cc35faf2e66f91602dab9260b0ab2b0a64bfe6a3952434,https://physionet-open.s3.amazonaws.com/eegmmidb/1.0.0/S084/S084R01.edf
84,2,S084R02.edf,https://physionet.org/files/eegmmidb/1.0.0/S084/S084R02.edf,1275936,eba216592aa8b26c390fe02a33773d9d007cd7b9cd886b18fc9250b649d7e4fa,https://physionet-open.s3.amazonaws.com/eegmmidb/1.0.0/S084/S084R02.edf
85,1,S085R01.edf,https://physionet.org/files/eegmmidb/1.0.0/S085/S085R01.edf,1275936,378774575493af619ad20aa110604dc98be465894a7f82ce8ef815e3e58b51ec,https://physionet-open.s3.amazonaws.com/eegmmidb/1.0.0/S085/S085R01.edf
85,2,S085R02.edf,https://physionet.org/files/eegmmidb/1.0.0/S085/S085R02.edf,1275936,a89c675ea2e6e0211aaea83cc2fe0d154bb1984c1ed836868f283f0f61b6c943,https://physionet-open.s3.amazonaws.com/eegmmidb/1.0.0/S085/S085R02.edf
86,1,S086R01.edf,https://physionet.org/files/eegmmidb/1.0.0/S086/S086R01.edf,1275936,32f1b040a3f8bbc6f3393a48b81ed911095fb0cd78859a129e918f675b3c4167,https://physionet-open.s3.amazonaws.com/eegmmidb/1.0.0/S086/S086R01.edf
86,2,S086R02.edf,https://physionet.org/files/eegmmidb/1.0.0/S086/S086R02.edf,1275936,4a9237d42c10627cb84d023b5b7056000f3575ee82c10918e4cee3960f27e0e8,https://physionet-open.s3.amazonaws.com/eegmmidb/1.0.0/S086/S086R02.edf
87,1,S087R01.edf,https://physionet.org/files/eegmmidb/1.0.0/S087/S087R01.edf,1275936,5876a24fa07f5580ee8df69f00a069aeeeea2a22e08f3c6ba3678a3978f4a73a,https://physionet-open.s3.amazonaws.com/eegmmidb/1.0.0/S087/S087R01.edf
87,2,S087R02.edf,https://physionet.org/files/eegmmidb/1.0.0/S087/S087R02.edf,1275936,869950862ef4df60bc0a4dde3316a8db3780262e29e65a1fd4d98ab20c9859f4,https://physionet-open.s3.amazonaws.com/eegmmidb/1.0.0/S087/S087R02.edf
88,1,S088R01.edf,https://physionet.org/files/eegmmidb/1.0.0/S088/S088R01.edf,1275936,d7ec3aea4cb49618ec70a1c223c578afac19338e4142807ce9128e78aea49618,https://physionet-open.s3.amazonaws.com/eegmmidb/1.0.0/S088/S088R01.edf
88,2,S088R02.edf,https://physionet.org/files/eegmmidb/1.0.0/S088/S088R02.edf,1275936,52a17441943433ca8965ce7a21262166ab3ac6e8609e5bed3c39e2ca12cc049c,https://physionet-open.s3.amazonaws.com/eegmmidb/1.0.0/S088/S088R02.edf
89,1,S089R01.edf,https://physionet.org/files/eegmmidb/1.0.0/S089/S089R01.edf,1275936,fa4c6f60949968c607bf5105f9c80ea1a786b5bf6b15737077a9f256af66bfa3,https://physionet-open.s3.amazonaws.com/eegmmidb/1.0.0/S089/S089R01.edf
89,2,S089R02.edf,https://physionet.org/files/eegmmidb/1.0.0/S089/S089R02.edf,1275936,44c5016ee50908df260c8adb6d195c44824787637b2537ee823efcabbc8cfac6,https://physionet-open.s3.amazonaws.com/eegmmidb/1.0.0/S089/S089R02.edf
90,1,S090R01.edf,https://physionet.org/files/eegmmidb/1.0.0/S090/S090R01.edf,1275936,ef8e84de758cebfad15ee86d49bd134578ac5ff24154ece98e9e853c91356e34,https://physionet-open.s3.amazonaws.com/eegmmidb/1.0.0/S090/S090R01.edf
90,2,S090R02.edf,https://physionet.org/files/eegmmidb/1.0.0/S090/S090R02.edf,1275936,19877620e881df6cf52aa25b6383dd55d9097e4425b16b9451f99d68a67c51f7,https://physionet-open.s3.amazonaws.com/eegmmidb/1.0.0/S090/S090R02.edf
91,1,S091R01.edf,https://physionet.org/files/eegmmidb/1.0.0/S091/S091R01.edf,1275936,98db88036017237d6b096d1307927fcbb21aedd5412a55ec641912a9a8dc1cf4,https://physionet-open.s3.amazonaws.com/eegmmidb/1.0.0/S091/S091R01.edf
91,2,S091R02.edf,https://physionet.org/files/eegmmidb/1.0.0/S091/S091R02.edf,1275936,a7a4ae35661c7ca877f353762e1717f6441dea1fa345fc8e4908381197cd25aa,https://physionet-open.s3.amazonaws.com/eegmmidb/1.0.0/S091/S091R02.edf
92,1,S092R01.edf,https://physionet.org/files/eegmmidb/1.0.0/S092/S092R01.edf,1275936,ca68794592fe3ce3f0217fda4729b2ff16cc83a3bb447302236fb0d83052edfb,https://physionet-open.s3.amazonaws.com/eegmmidb/1.0.0/S092/S092R01.edf
92,2,S092R02.edf,https://physionet.org/files/eegmmidb/1.0.0/S092/S092R02.edf,1275936,aabf2489637c7c71e664cb697665bfdb134d5d4776b1ed95cce47bb7c02efada,https://physionet-open.s3.amazonaws.com/eegmmidb/1.0.0/S092/S092R02.edf
93,1,S093R01.edf,https://physionet.org/files/eegmmidb/1.0.0/S093/S093R01.edf,1275936,2d1bca83825b37f2186af5dbdb0c4d7c48d0a971903761a84c385d7dfeb3f54c,https://physionet-open.s3.amazonaws.com/eegmmidb/1.0.0/S093/S093R01.edf
93,2,S093R02.edf,https://physionet.org/files/eegmmidb/1.0.0/S093/S093R02.edf,1275936,35ccae312fc9b7a87d3b485bd8cd0721c579d722a78e5e0802d2ba65f07a2e66,https://physionet-open.s3.amazonaws.com/eegmmidb/1.0.0/S093/S093R02.edf
94,1,S094R01.edf,https://physionet.org/files/eegmmidb/1.0.0/S094/S094R01.edf,1275936,b11fbdf3f5ecd11daaad702b58bdabaf1f15c82f045b7ed53dfd88855271a5bc,https://physionet-open.s3.amazonaws.com/eegmmidb/1.0.0/S094/S094R01.edf
94,2,S094R02.edf,https://physionet.org/files/eegmmidb/1.0.0/S094/S094R02.edf,1275936,5f08c5aaf8e21015ae6fce4a8f8e6e6e658df662e393ec77fc75689bb0a94c63,https://physionet-open.s3.amazonaws.com/eegmmidb/1.0.0/S094/S094R02.edf
95,1,S095R01.edf,https://physionet.org/files/eegmmidb/1.0.0/S095/S095R01.edf,1275936,dfc6a2fa8305ddc93e46704abac01c6c9138bb8cd69fd86ea6b29868940d0466,https://physionet-open.s3.amazonaws.com/eegmmidb/1.0.0/S095/S095R01.edf
95,2,S095R02.edf,https://physionet.org/files/eegmmidb/1.0.0/S095/S095R02.edf,1275936,1b71278872c1d079892ce8593c714b5dfe0d8a8f17c0133db8ad0bb4eff7cadf,https://physionet-open.s3.amazonaws.com/eegmmidb/1.0.0/S095/S095R02.edf
96,1,S096R01.edf,https://physionet.org/files/eegmmidb/1.0.0/S096/S096R01.edf,1275936,005e6ffa9938042c262035797bcbab224dd6039236872416dbe0ec42cac91e49,https://physionet-open.s3.amazonaws.com/eegmmidb/1.0.0/S096/S096R01.edf
96,2,S096R02.edf,https://physionet.org/files/eegmmidb/1.0.0/S096/S096R02.edf,1275936,2a8c6c0c88ba142d17c19c902dce4befd1a2cc497bd43e112c14bfeee792ee18,https://physionet-open.s3.amazonaws.com/eegmmidb/1.0.0/S096/S096R02.edf
97,1,S097R01.edf,https://physionet.org/files/eegmmidb/1.0.0/S097/S097R01.edf,1275936,7bf7346caa9bd3effc06b27a1f0c4bd94e21a861047fefbf19e7b60ae76ca02f,https://physionet-open.s3.amazonaws.com/eegmmidb/1.0.0/S097/S097R01.edf
97,2,S097R02.edf,https://physionet.org/files/eegmmidb/1.0.0/S097/S097R02.edf,1255296,1b138117c090c2041b27984970a5f0a568b5a95b2235c29cd4189c28365b3d21,https://physionet-open.s3.amazonaws.com/eegmmidb/1.0.0/S097/S097R02.edf
98,1,S098R01.edf,https://physionet.org/files/eegmmidb/1.0.0/S098/S098R01.edf,1275936,e908b862df484c6ffa822ccbb5658894cd3459fadd6c9d02b26e30bb9c392552,https://physionet-open.s3.amazonaws.com/eegmmidb/1.0.0/S098/S098R01.edf
98,2,S098R02.edf,https://physionet.org/files/eegmmidb/1.0.0/S098/S098R02.edf,1275936,2d710c6eac0d9bf911512a5cd3ef10f168592af7b2d4f76aa7378c77a9b83bb5,https://physionet-open.s3.amazonaws.com/eegmmidb/1.0.0/S098/S098R02.edf
99,1,S099R01.edf,https://physionet.org/files/eegmmidb/1.0.0/S099/S099R01.edf,1275936,9bdac81d159f0f6c153e4a48a72bcb1bc53ec0ae77a35df1263524016df3a937,https://physionet-open.s3.amazonaws.com/eegmmidb/1.0.0/S099/S099R01.edf
99,2,S099R02.edf,https://physionet.org/files/eegmmidb/1.0.0/S099/S099R02.edf,1275936,ee86fd6058f1996d9535938c1cd6eea923ce7dd06774bad24ec342c0a1c1a2af,https://physionet-open.s3.amazonaws.com/eegmmidb/1.0.0/S099/S099R02.edf
100,1,S100R01.edf,https://physionet.org/files/eegmmidb/1.0.0/S100/S100R01.edf,1275936,f3741fda19dfb05973fb367c6f9663df5a9a1c378324c223e677e59cb4450fa8,https://physionet-open.s3.amazonaws.com/eegmmidb/1.0.0/S100/S100R01.edf
100,2,S100R02.edf,https://physionet.org/files/eegmmidb/1.0.0/S100/S100R02.edf,1275936,506d0a77e01e0326076136cf41c4dfc5ee6206376f20da6efb858affa1c044e5,https://physionet-open.s3.amazonaws.com/eegmmidb/1.0.0/S100/S100R02.edf
101,1,S101R01.edf,https://physionet.org/files/eegmmidb/1.0.0/S101/S101R01.edf,1275936,111b902998ad14ea66860661023c2e3132c8da06961afe0de02f71ddc4ee383c,https://physionet-open.s3.amazonaws.com/eegmmidb/1.0.0/S101/S101R01.edf
101,2,S101R02.edf,https://physionet.org/files/eegmmidb/1.0.0/S101/S101R02.edf,1275936,0b999b572a22c300088a4d0f7288a9adc7d09c554a8216b1231124a73468dfee,https://physionet-open.s3.amazonaws.com/eegmmidb/1.0.0/S101/S101R02.edf
102,1,S102R01.edf,https://physionet.org/files/eegmmidb/1.0.0/S102/S102R01.edf,1275936,8eb9f4a85bd7854b545d00504f59d00ae4ba301011bcf3b562fb8d09ecb37d1d,https://physionet-open.s3.amazonaws.com/eegmmidb/1.0.0/S102/S102R01.edf
102,2,S102R02.edf,https://physionet.org/files/eegmmidb/1.0.0/S102/S102R02.edf,1275936,dedc3e5421cfd02d5505738c92bfe77ad7afc5478cc5c63f1ee07598a66af255,https://physionet-open.s3.amazonaws.com/eegmmidb/1.0.0/S102/S102R02.edf
103,1,S103R01.edf,https://physionet.org/files/eegmmidb/1.0.0/S103/S103R01.edf,1275936,48dbfa8c73308311e3f7c7137b25cbf4a060775c1a460fb8496c50723b8fb231,https://physionet-open.s3.amazonaws.com/eegmmidb/1.0.0/S103/S103R01.edf
103,2,S103R02.edf,https://physionet.org/files/eegmmidb/1.0.0/S103/S103R02.edf,1275936,62217247b15b987831cddf456d3e45904d06d470926e6df2e4ae8e4c23b1b08e,https://physionet-open.s3.amazonaws.com/eegmmidb/1.0.0/S103/S103R02.edf
104,1,S104R01.edf,https://physionet.org/files/eegmmidb/1.0.0/S104/S104R01.edf,1275936,359e9f6ee1667782fc85dc9c9c963fd8327fcc78c7c24381c7be139b66f89dab,https://physionet-open.s3.amazonaws.com/eegmmidb/1.0.0/S104/S104R01.edf
104,2,S104R02.edf,https://physionet.org/files/eegmmidb/1.0.0/S104/S104R02.edf,1275936,02b55d7a4f3e38a37ae12acc81cbf1f9c6f40ececb6290fca2a902c19ce6b180,https://physionet-open.s3.amazonaws.com/eegmmidb/1.0.0/S104/S104R02.edf
105,1,S105R01.edf,https://physionet.org/files/eegmmidb/1.0.0/S105/S105R01.edf,1275936,712c423a028c67f2fa328bb427cf140fbbeca2fee90bec6c17fb54ed01ffec85,https://physionet-open.s3.amazonaws.com/eegmmidb/1.0.0/S105/S105R01.edf
105,2,S105R02.edf,https://physionet.org/files/eegmmidb/1.0.0/S105/S105R02.edf,1275936,8816d8070f58a9ddee89d1d6f9923c9df3d73707a0a204953a128b6c357d237c,https://physionet-open.s3.amazonaws.com/eegmmidb/1.0.0/S105/S105R02.edf
106,1,S106R01.edf,https://physionet.org/files/eegmmidb/1.0.0/S106/S106R01.edf,1275936,605ac5d4ea9ca2170fa10ff85119297a77a7ccb7054b107294a903b911788c37,https://physionet-open.s3.amazonaws.com/eegmmidb/1.0.0/S106/S106R01.edf
106,2,S106R02.edf,https://physionet.org/files/eegmmidb/1.0.0/S106/S106R02.edf,1275936,fec905ea2aa23a83ee57ec8cfa2dc7babdb169a3ddc3d71623f350ff4a54b340,https://physionet-open.s3.amazonaws.com/eegmmidb/1.0.0/S106/S106R02.edf
107,1,S107R01.edf,https://physionet.org/files/eegmmidb/1.0.0/S107/S107R01.edf,1275936,08f3946647a37c1a9dff23a2821c23d5fc1421eaed08bd5b1e14291bf9166363,https://physionet-open.s3.amazonaws.com/eegmmidb/1.0.0/S107/S107R01.edf
107,2,S107R02.edf,https://physionet.org/files/eegmmidb/1.0.0/S107/S107R02.edf,1275936,ee27e5b4641392d705cb7ebf76cc42355edd23aabff64aa34495e5cbe9436d79,https://physionet-open.s3.amazonaws.com/eegmmidb/1.0.0/S107/S107R02.edf
108,1,S108R01.edf,https://physionet.org/files/eegmmidb/1.0.0/S108/S108R01.edf,1275936,2115183a713af1edb4ddbda03f35712340a2e1bfdc62f825e2b73f495d421291,https://physionet-open.s3.amazonaws.com/eegmmidb/1.0.0/S108/S108R01.edf
108,2,S108R02.edf,https://physionet.org/files/eegmmidb/1.0.0/S108/S108R02.edf,1275936,2e117bc915d3720afd714e82f1769b0f8a1f040e39ba735fd1c3d2f0e704301a,https://physionet-open.s3.amazonaws.com/eegmmidb/1.0.0/S108/S108R02.edf
109,1,S109R01.edf,https://physionet.org/files/eegmmidb/1.0.0/S109/S109R01.edf,1255296,4547299bf4645e4afb08006d03b419e1273d4a3e853b8aa73d569e5a96dce8d0,https://physionet-open.s3.amazonaws.com/eegmmidb/1.0.0/S109/S109R01.edf
109,2,S109R02.edf,https://physionet.org/files/eegmmidb/1.0.0/S109/S109R02.edf,1275936,006fc0cfb18c2084a453578484b2252b6c1dbe5608d73e20717a39b557a1d429,https://physionet-open.s3.amazonaws.com/eegmmidb/1.0.0/S109/S109R02.edf
