subject,model,scope,runs,pairs,relative_frobenius,relative_spectrum
41,persistence,all,2,54,0.5889675437053251,0.4942192420709885
41,linear,all,2,54,0.7482953237472668,0.5746046270898475
41,bfg,all,2,54,0.8993390854510074,0.8839317784709679
41,frozen_geometry,all,2,54,1.2080973425138133,1.1811151870403391
42,persistence,all,2,54,0.4650478239868303,0.3351386616574874
42,linear,all,2,54,0.4611501434194858,0.3592487014699335
42,bfg,all,2,54,0.8997605216485339,0.8457349334073414
42,frozen_geometry,all,2,54,0.8468716073676876,0.8301252018563323
43,persistence,all,2,54,0.6230594365188407,0.3883529725056916
43,linear,all,2,54,0.5696518048999996,0.34054766379691565
43,bfg,all,2,54,0.9305130453223791,0.8500546194611351
43,frozen_geometry,all,2,54,0.880373107885752,0.8722337687051271
44,persistence,all,2,54,0.6931200898066403,0.5984599541973625
44,linear,all,2,54,0.5923155120407978,0.4936651590534894
44,bfg,all,2,54,0.9685731970234658,0.9105529549188878
44,frozen_geometry,all,2,54,0.8979468707155445,0.8931859000686806
45,persistence,all,2,54,0.4756503192507547,0.3546267006288099
45,linear,all,2,54,0.4203042042900973,0.3219642008612643
45,bfg,all,2,54,0.8222882753184293,0.7797111985779515
45,frozen_geometry,all,2,54,0.783555423984194,0.7686432048034778
46,persistence,all,2,54,0.40617450795867005,0.2863401327872043
46,linear,all,2,54,0.3942782663565192,0.2892418696028319
46,bfg,all,2,54,0.769776213736989,0.7447226856420436
46,frozen_geometry,all,2,54,0.7474263120500195,0.7268572639929278
47,persistence,all,2,54,2.1718983211427427,2.045287942706647
47,linear,all,2,54,1.2632492692096875,1.1825790760265824
47,bfg,all,2,54,0.8924153332044413,0.8693280544324957
47,frozen_geometry,all,2,54,1.6770687531042119,1.6518531851410387
48,persistence,all,2,54,0.6826164442084102,0.4985778227105519
48,linear,all,2,54,0.5369149604292068,0.4127721742743947
48,bfg,all,2,54,0.9661923682742114,0.8971843254125443
48,frozen_geometry,all,2,54,0.895407850132306,0.8905417444784343
49,persistence,all,2,54,0.3605253202013632,0.2519800707521583
49,linear,all,2,54,0.37188385631133125,0.2567128656061322
49,bfg,all,2,54,0.9320778752361294,0.834732804175258
49,frozen_geometry,all,2,54,0.8345517061027,0.8281292325264036
50,persistence,all,2,54,0.5525860404314447,0.4350157040809055
50,linear,all,2,54,0.7531779260080984,0.6408756213797122
50,bfg,all,2,54,0.8035626922088598,0.7923810767732442
50,frozen_geometry,all,2,54,1.8334446360028647,1.809280363019392
51,persistence,all,2,54,0.7207359783657297,0.4275566064255928
51,linear,all,2,54,1.5113984198315635,1.319909684164656
51,bfg,all,2,54,0.8675952956511939,0.8395478995900201
51,frozen_geometry,all,2,54,2.799070783274841,2.7568885979053404
52,persistence,all,2,54,0.555535928752354,0.37005024495204963
52,linear,all,2,54,0.5952340889746215,0.3716803459834444
52,bfg,all,2,54,0.9867145753690313,0.9402229023420381
52,frozen_geometry,all,2,54,0.9523244846373833,0.9478280322475214
53,persistence,all,2,54,0.4833065053020645,0.33368652417188904
53,linear,all,2,54,0.4002775965141685,0.28494189212736115
53,bfg,all,2,54,0.8071366256403915,0.7500108592952237
53,frozen_geometry,all,2,54,0.7484868026818654,0.7368387748362013
54,persistence,all,2,54,0.5547214726154832,0.4126004221710099
54,linear,all,2,54,0.4435119241879084,0.3343154559595631
54,bfg,all,2,54,0.971136357420699,0.9021996526422374
54,frozen_geometry,all,2,54,0.8982588622903984,0.8924312852160667
55,persistence,all,2,54,0.566063728090549,0.449206715569845
55,linear,all,2,54,0.6885114422785101,0.6094149744011221
55,bfg,all,2,54,0.8411553473409084,0.8302650928941844
55,frozen_geometry,all,2,54,1.5629050789514332,1.5425094614436698
56,persistence,all,2,54,0.4895743030124563,0.340552459768652
56,linear,all,2,54,0.42527252259237586,0.31341656939213003
56,bfg,all,2,54,0.9222268951681164,0.8295881695817645
56,frozen_geometry,all,2,54,0.8355906699590498,0.8276268427135753
57,persistence,all,2,54,0.5558507310715877,0.3283725363761027
57,linear,all,2,54,0.49298166020656226,0.3060154362518598
57,bfg,all,2,54,0.739149213602617,0.6966337433316823
57,frozen_geometry,all,2,54,0.7118898035452976,0.695881350418516
58,persistence,all,2,54,0.39674959227653195,0.2791152366488674
58,linear,all,2,54,0.469685841896314,0.3555272797500105
58,bfg,all,2,54,0.8045976881673116,0.7810328650784233
58,frozen_geometry,all,2,54,0.8589646918093823,0.8335941551433307
59,persistence,all,2,23,0.5893114343110762,0.4152970865860518
59,linear,all,2,23,0.5040076439032347,0.36297958806863684
59,bfg,all,2,23,0.8392898936091128,0.7822880358511464
59,frozen_geometry,all,2,23,0.7787787254981998,0.7649820433839518
60,persistence,all,2,54,0.5032068646838281,0.377871416973235
60,linear,all,2,54,0.455156326939802,0.34355147722862345
60,bfg,all,2,54,0.9651737251064494,0.9098891347007108
60,frozen_geometry,all,2,54,0.907991312537819,0.904361622192345
61,persistence,all,2,54,0.5090386373543465,0.4116673267627871
61,linear,all,2,54,0.43929188561881327,0.3712744394899502
61,bfg,all,2,54,0.9340442847264738,0.8486926198941177
61,frozen_geometry,all,2,54,0.851549498224674,0.8414908228502547
62,persistence,all,2,54,0.6189492806335049,0.4210102511625846
62,linear,all,2,54,0.7280867278792241,0.5573134483658431
62,bfg,all,2,54,0.814876913606253,0.7947676319714079
62,frozen_geometry,all,2,54,1.3262458757526476,1.3023306172208016
63,persistence,all,2,54,0.46989129585994016,0.34380450896078457
63,linear,all,2,54,0.8635572183286735,0.7338014168982616
63,bfg,all,2,54,0.8103132077799146,0.8013628763356531
63,frozen_geometry,all,2,54,1.6118848457761579,1.5830367924514825
64,persistence,all,2,54,0.5798744958041046,0.43911207800795293
64,linear,all,2,54,0.5676033720789948,0.44985443638588996
64,bfg,all,2,54,0.8317893602540432,0.8123579251040796
64,frozen_geometry,all,2,54,0.9985593475874459,0.9734786266397051
65,persistence,all,2,54,0.5021518759204178,0.3260964244419491
65,linear,all,2,54,0.4308030016124089,0.30094262420964774
65,bfg,all,2,54,0.7858529443668678,0.7277962027975092
65,frozen_geometry,all,2,54,0.7362302582450866,0.7238900570143573
66,persistence,all,2,54,0.9348089170989339,0.8268627544281304
66,linear,all,2,54,0.9012630082193134,0.8073202627394562
66,bfg,all,2,54,0.9043594901832256,0.8506086613829007
66,frozen_geometry,all,2,54,1.1306628160089125,1.1112791401076894
67,persistence,all,2,54,0.33781651472858654,0.2336150289491713
67,linear,all,2,54,2.210241191951839,2.100189263292681
67,bfg,all,2,54,0.9014734526033042,0.899068184725961
67,frozen_geometry,all,2,54,5.837093134510198,5.817886520720499
68,persistence,all,2,54,0.5646044442223371,0.3016514075281615
68,linear,all,2,54,0.5044532444158696,0.2908947510128581
68,bfg,all,2,54,0.7619740235635235,0.7074484283843239
68,frozen_geometry,all,2,54,0.7430197983779084,0.7291878561738572
69,persistence,all,2,54,0.7558623930431937,0.5653043546107288
69,linear,all,2,54,0.7395489437314974,0.5885335221136422
69,bfg,all,2,54,0.7851591138743237,0.7558880158544606
69,frozen_geometry,all,2,54,0.7506644413341688,0.7223420361392463
70,persistence,all,2,54,0.5049071186941867,0.35484848544391706
70,linear,all,2,54,0.4303973111975675,0.3104598914096149
70,bfg,all,2,54,0.8499242375269249,0.7795673668252313
70,frozen_geometry,all,2,54,0.7928634528019747,0.7810405657770794
71,persistence,all,2,54,0.5583478108205706,0.29834197200761475
71,linear,all,2,54,0.5334617632206521,0.30734903046800977
71,bfg,all,2,54,0.766128227527503,0.7200590478073792
71,frozen_geometry,all,2,54,0.7470717909201149,0.7200775896131494
72,persistence,all,2,54,0.5585615188804423,0.43438652628281693
72,linear,all,2,54,0.6311361142442165,0.5210204808062922
72,bfg,all,2,54,0.8150448001926351,0.8011512467468278
72,frozen_geometry,all,2,54,1.1757229234592264,1.1536098908938854
73,persistence,all,2,54,0.5583880872817377,0.3976649401311348
73,linear,all,2,54,0.5856183321389835,0.4635779006789524
73,bfg,all,2,54,0.7643142447430447,0.7448052302727596
73,frozen_geometry,all,2,54,0.9778878874489878,0.9521665721837105
74,persistence,all,2,54,0.417477118057351,0.3210017473642992
74,linear,all,2,54,0.4114055824349705,0.32773071587961167
74,bfg,all,2,54,0.7704186953005812,0.7436084955852762
74,frozen_geometry,all,2,54,0.7664445139264316,0.7448842251065274
75,persistence,all,2,52,0.5647776487981524,0.35343112394724685
75,linear,all,2,52,0.48428010262188903,0.3129474152182445
75,bfg,all,2,52,0.9686272580670936,0.8986810455925026
75,frozen_geometry,all,2,52,0.9170215089331623,0.9131679444255012
76,persistence,all,2,54,0.5726129279870611,0.4527168847440094
76,linear,all,2,54,0.8483449664282577,0.6578699807533623
76,bfg,all,2,54,0.8330094847952795,0.8176148333251962
76,frozen_geometry,all,2,54,1.3532327043232286,1.3256866684785387
77,persistence,all,2,54,0.590723635451048,0.34581833489062497
77,linear,all,2,54,0.5135250088204666,0.318164959728922
77,bfg,all,2,54,0.8796743787676274,0.7935792993868873
77,frozen_geometry,all,2,54,0.8428418749012184,0.8345201055648706
78,persistence,all,2,54,0.5610209672303139,0.3828937113309214
78,linear,all,2,54,0.6612953298554614,0.5280136130704589
78,bfg,all,2,54,0.7924548886364278,0.7703947591323155
78,frozen_geometry,all,2,54,0.9869432315993545,0.9484233812300538
79,persistence,all,2,54,0.5124499081734593,0.3094430463012581
79,linear,all,2,54,0.5254387413858483,0.3158868768846222
79,bfg,all,2,54,0.8803522680789944,0.7969071714240155
79,frozen_geometry,all,2,54,0.8420855557418794,0.8316693040251512
80,persistence,all,2,54,0.502384457224401,0.3040224702603275
80,linear,all,2,54,0.5157378412273255,0.3516964576320235
80,bfg,all,2,54,0.777627036380568,0.7430300872788825
80,frozen_geometry,all,2,54,0.6824043636854291,0.644227672021606
81,persistence,all,2,54,0.5801624947358803,0.5367707847142112
81,linear,all,2,54,0.7295410069146935,0.5879346093140301
81,bfg,all,2,54,0.958911498810352,0.8969950115959591
81,frozen_geometry,all,2,54,0.8702340738943537,0.859608287752498
82,persistence,all,2,54,0.7354550671617432,0.5356324462718635
82,linear,all,2,54,0.7156546601503956,0.5293144345809293
82,bfg,all,2,54,0.794051019166536,0.7493582839944177
82,frozen_geometry,all,2,54,0.6997157676254933,0.662911323638735
83,persistence,all,2,54,0.3913821980198851,0.26709900196648345
83,linear,all,2,54,0.4217315195324892,0.2770121722749991
83,bfg,all,2,54,0.870338737215265,0.7788388990854075
83,frozen_geometry,all,2,54,0.809007408716615,0.7988666720396271
84,persistence,all,2,54,0.617467848465856,0.357906186765922
84,linear,all,2,54,0.599273538421855,0.3190365502047432
84,bfg,all,2,54,0.9355480705274839,0.8574847990702139
84,frozen_geometry,all,2,54,0.8956050502110655,0.8858172731463725
85,persistence,all,2,54,0.7641795335012711,0.5920470468235983
85,linear,all,2,54,0.656154023771975,0.5086102741986599
85,bfg,all,2,54,0.8379474957314754,0.7708149949689688
85,frozen_geometry,all,2,54,0.7609616765224682,0.7391540216611636
86,persistence,all,2,54,0.9094862472634531,0.7925538928078477
86,linear,all,2,54,0.7171008925665878,0.6132952778127879
86,bfg,all,2,54,0.8646714981097359,0.824694238299953
86,frozen_geometry,all,2,54,0.8648026793074292,0.8433499343609251
87,persistence,all,2,54,0.5873039818951759,0.4423238450041827
87,linear,all,2,54,0.5050365020098456,0.37336053185153273
87,bfg,all,2,54,0.9014352716302867,0.8274709974700223
87,frozen_geometry,all,2,54,0.8441953423938284,0.8348565867546223
88,persistence,all,2,54,0.5505203821634325,0.3480765637037366
88,linear,all,2,54,0.5091517773487709,0.3649384541603784
88,bfg,all,2,54,0.7418299541655027,0.7089833673612844
88,frozen_geometry,all,2,54,0.6961664061474369,0.6751381289897265
89,persistence,all,2,54,0.5660736080662352,0.41898911217714296
89,linear,all,2,54,5.043910718714511,4.956992581455733
89,bfg,all,2,54,0.9447375401126374,0.9413093642750595
89,frozen_geometry,all,2,54,14.27644250532729,14.25688228696011
90,persistence,all,2,54,0.47338791447967987,0.30226491188864024
90,linear,all,2,54,0.4540012503783054,0.271443397687992
90,bfg,all,2,54,0.9282370982043593,0.8437790905679996
90,frozen_geometry,all,2,54,0.8611496892698499,0.8495594603556703
91,persistence,all,2,54,0.6702490701994077,0.6035174552775002
91,linear,all,2,54,0.5664767771815218,0.5026770467151551
91,bfg,all,2,54,0.9405460560556926,0.8528681894311192
91,frozen_geometry,all,2,54,0.8715859641565988,0.8618521075625174
92,persistence,all,2,54,0.5814531034329543,0.44526561786506547
92,linear,all,2,54,0.5194228735333384,0.40668761646314755
92,bfg,all,2,54,0.9129925675670653,0.852195315169071
92,frozen_geometry,all,2,54,0.8568091529112534,0.849747327947032
93,persistence,all,2,54,0.6783469041072892,0.4368363743603859
93,linear,all,2,54,0.7155618063002005,0.4920883486138426
93,bfg,all,2,54,0.7652033405613543,0.7365293373500205
93,frozen_geometry,all,2,54,0.6843472091449667,0.6333972014231652
94,persistence,all,2,54,0.48186224680193473,0.37061713745708136
94,linear,all,2,54,0.44313271902841433,0.3208676474749935
94,bfg,all,2,54,0.8539244395835297,0.7648264144353334
94,frozen_geometry,all,2,54,0.8051685464535168,0.7979206078286716
95,persistence,all,2,54,0.5805101394910267,0.30082443180496127
95,linear,all,2,54,0.57186116010635,0.29882329980462147
95,bfg,all,2,54,0.9098869136676186,0.817890740742293
95,frozen_geometry,all,2,54,0.8871274969902168,0.8751110076227
96,persistence,all,2,54,0.6641934605449222,0.531709974640577
96,linear,all,2,54,0.5484765941895574,0.4169301675507885
96,bfg,all,2,54,0.9576120221409917,0.8798139647076395
96,frozen_geometry,all,2,54,0.8918037402060168,0.8841125409746884
97,persistence,all,2,54,0.5338404342904506,0.29597247377806063
97,linear,all,2,54,0.5367252939414627,0.2888767987003554
97,bfg,all,2,54,0.7993892754645198,0.7298830941630825
97,frozen_geometry,all,2,54,0.7836057408017958,0.7681620885311562
98,persistence,all,2,54,0.6813287539073845,0.5169802964042977
98,linear,all,2,54,0.6177239149235394,0.4925858916791652
98,bfg,all,2,54,0.9237244428109612,0.885730433819101
98,frozen_geometry,all,2,54,0.9284879121117132,0.9053007534950863
99,persistence,all,2,54,0.44975789563355395,0.3189850003906
99,linear,all,2,54,0.4518398303399033,0.33519010937265215
99,bfg,all,2,54,0.8722652739142611,0.7946602268413268
99,frozen_geometry,all,2,54,0.8105550167309037,0.79971641674486
100,persistence,all,2,54,0.5410585426538699,0.39516414815486184
100,linear,all,2,54,0.5008893550293416,0.34975528208475865
100,bfg,all,2,54,0.9850240499949181,0.922984120786648
100,frozen_geometry,all,2,54,0.9226792913862003,0.9177538729427013
101,persistence,all,2,54,0.539627210558784,0.27335421638441815
101,linear,all,2,54,0.47826750617356534,0.25750718489405844
101,bfg,all,2,54,0.807486013435454,0.7273117430572567
101,frozen_geometry,all,2,54,0.8004102452450781,0.7850969638632989
102,persistence,all,2,54,0.4226555646712081,0.267290018255568
102,linear,all,2,54,0.6966962485906604,0.6138716203287645
102,bfg,all,2,54,0.7972890388888498,0.7882637243249354
102,frozen_geometry,all,2,54,1.6187613458477044,1.5986566111998495
103,persistence,all,2,46,0.6046770247257286,0.4330753561340981
103,linear,all,2,46,0.4928903066019439,0.3643329435924453
103,bfg,all,2,46,0.9558492905502465,0.883932803283602
103,frozen_geometry,all,2,46,0.8749105287378305,0.8703199872371576
104,persistence,all,2,54,0.7597193149775404,0.586502411849464
104,linear,all,2,54,0.6627246775771725,0.5360693194477207
104,bfg,all,2,54,0.819040245861153,0.7726845929102827
104,frozen_geometry,all,2,54,0.8300572682133276,0.81015480201238
105,persistence,all,2,54,0.4923637314730248,0.33896454126892855
105,linear,all,2,54,0.45109379442734154,0.33909955976494266
105,bfg,all,2,54,0.8282132292830382,0.7715287495420318
105,frozen_geometry,all,2,54,0.8418355230077015,0.8233765776882458
106,persistence,all,2,54,0.5691024147380945,0.4241640357010872
106,linear,all,2,54,0.46636982291726936,0.37338366175392423
106,bfg,all,2,54,0.9232478199734885,0.855278177151779
106,frozen_geometry,all,2,54,0.8556261998460067,0.8496453643594668
107,persistence,all,2,54,0.48900077566191436,0.3163424125988584
107,linear,all,2,54,0.44043354867910034,0.3137384413367418
107,bfg,all,2,54,0.8175219649947072,0.7569847784622201
107,frozen_geometry,all,2,54,0.7852740146824075,0.7696443992680736
108,persistence,all,2,54,0.7931446641239784,0.6356547245565332
108,linear,all,2,54,0.6029348638281697,0.4914819687787719
108,bfg,all,2,54,0.948080627948364,0.8758368944458845
108,frozen_geometry,all,2,54,0.8666383214529194,0.8538227683842072
109,persistence,all,2,54,0.14588056078954348,0.1238662687621013
109,linear,all,2,54,0.18156646901136894,0.16487497581363925
109,bfg,all,2,54,0.9997626449186554,0.9948756565359583
109,frozen_geometry,all,2,54,0.9967219687898359,0.9959272547634472
41,persistence,common,2,54,0.5889675437053251,0.4942192420709885
41,linear,common,2,54,0.7482953237472668,0.5746046270898475
41,bfg,common,2,54,0.8993390854510074,0.8839317784709679
41,frozen_geometry,common,2,54,1.2080973425138133,1.1811151870403391
42,persistence,common,2,54,0.4650478239868303,0.3351386616574874
42,linear,common,2,54,0.4611501434194858,0.3592487014699335
42,bfg,common,2,54,0.8997605216485339,0.8457349334073414
42,frozen_geometry,common,2,54,0.8468716073676876,0.8301252018563323
43,persistence,common,2,54,0.6230594365188407,0.3883529725056916
43,linear,common,2,54,0.5696518048999996,0.34054766379691565
43,bfg,common,2,54,0.9305130453223791,0.8500546194611351
43,frozen_geometry,common,2,54,0.880373107885752,0.8722337687051271
44,persistence,common,2,54,0.6931200898066403,0.5984599541973625
44,linear,common,2,54,0.5923155120407978,0.4936651590534894
44,bfg,common,2,54,0.9685731970234658,0.9105529549188878
44,frozen_geometry,common,2,54,0.8979468707155445,0.8931859000686806
45,persistence,common,2,54,0.4756503192507547,0.3546267006288099
45,linear,common,2,54,0.4203042042900973,0.3219642008612643
45,bfg,common,2,54,0.8222882753184293,0.7797111985779515
45,frozen_geometry,common,2,54,0.783555423984194,0.7686432048034778
46,persistence,common,2,54,0.40617450795867005,0.2863401327872043
46,linear,common,2,54,0.3942782663565192,0.2892418696028319
46,bfg,common,2,54,0.769776213736989,0.7447226856420436
46,frozen_geometry,common,2,54,0.7474263120500195,0.7268572639929278
47,persistence,common,2,54,2.1718983211427427,2.045287942706647
47,linear,common,2,54,1.2632492692096875,1.1825790760265824
47,bfg,common,2,54,0.8924153332044413,0.8693280544324957
47,frozen_geometry,common,2,54,1.6770687531042119,1.6518531851410387
48,persistence,common,2,54,0.6826164442084102,0.4985778227105519
48,linear,common,2,54,0.5369149604292068,0.4127721742743947
48,bfg,common,2,54,0.9661923682742114,0.8971843254125443
48,frozen_geometry,common,2,54,0.895407850132306,0.8905417444784343
49,persistence,common,2,54,0.3605253202013632,0.2519800707521583
49,linear,common,2,54,0.37188385631133125,0.2567128656061322
49,bfg,common,2,54,0.9320778752361294,0.834732804175258
49,frozen_geometry,common,2,54,0.8345517061027,0.8281292325264036
50,persistence,common,2,54,0.5525860404314447,0.4350157040809055
50,linear,common,2,54,0.7531779260080984,0.6408756213797122
50,bfg,common,2,54,0.8035626922088598,0.7923810767732442
50,frozen_geometry,common,2,54,1.8334446360028647,1.809280363019392
51,persistence,common,2,54,0.7207359783657297,0.4275566064255928
51,linear,common,2,54,1.5113984198315635,1.319909684164656
51,bfg,common,2,54,0.8675952956511939,0.8395478995900201
51,frozen_geometry,common,2,54,2.799070783274841,2.7568885979053404
52,persistence,common,2,54,0.555535928752354,0.37005024495204963
52,linear,common,2,54,0.5952340889746215,0.3716803459834444
52,bfg,common,2,54,0.9867145753690313,0.9402229023420381
52,frozen_geometry,common,2,54,0.9523244846373833,0.9478280322475214
53,persistence,common,2,54,0.4833065053020645,0.33368652417188904
53,linear,common,2,54,0.4002775965141685,0.28494189212736115
53,bfg,common,2,54,0.8071366256403915,0.7500108592952237
53,frozen_geometry,common,2,54,0.7484868026818654,0.7368387748362013
54,persistence,common,2,54,0.5547214726154832,0.4126004221710099
54,linear,common,2,54,0.4435119241879084,0.3343154559595631
54,bfg,common,2,54,0.971136357420699,0.9021996526422374
54,frozen_geometry,common,2,54,0.8982588622903984,0.8924312852160667
55,persistence,common,2,54,0.566063728090549,0.449206715569845
55,linear,common,2,54,0.6885114422785101,0.6094149744011221
55,bfg,common,2,54,0.8411553473409084,0.8302650928941844
55,frozen_geometry,common,2,54,1.5629050789514332,1.5425094614436698
56,persistence,common,2,54,0.4895743030124563,0.340552459768652
56,linear,common,2,54,0.42527252259237586,0.31341656939213003
56,bfg,common,2,54,0.9222268951681164,0.8295881695817645
56,frozen_geometry,common,2,54,0.8355906699590498,0.8276268427135753
57,persistence,common,2,54,0.5558507310715877,0.3283725363761027
57,linear,common,2,54,0.49298166020656226,0.3060154362518598
57,bfg,common,2,54,0.739149213602617,0.6966337433316823
57,frozen_geometry,common,2,54,0.7118898035452976,0.695881350418516
58,persistence,common,2,54,0.39674959227653195,0.2791152366488674
58,linear,common,2,54,0.469685841896314,0.3555272797500105
58,bfg,common,2,54,0.8045976881673116,0.7810328650784233
58,frozen_geometry,common,2,54,0.8589646918093823,0.8335941551433307
59,persistence,common,2,23,0.5893114343110762,0.4152970865860518
59,linear,common,2,23,0.5040076439032347,0.36297958806863684
59,bfg,common,2,23,0.8392898936091128,0.7822880358511464
59,frozen_geometry,common,2,23,0.7787787254981998,0.7649820433839518
60,persistence,common,2,54,0.5032068646838281,0.377871416973235
60,linear,common,2,54,0.455156326939802,0.34355147722862345
60,bfg,common,2,54,0.9651737251064494,0.9098891347007108
60,frozen_geometry,common,2,54,0.907991312537819,0.904361622192345
61,persistence,common,2,54,0.5090386373543465,0.4116673267627871
61,linear,common,2,54,0.43929188561881327,0.3712744394899502
61,bfg,common,2,54,0.9340442847264738,0.8486926198941177
61,frozen_geometry,common,2,54,0.851549498224674,0.8414908228502547
62,persistence,common,2,54,0.6189492806335049,0.4210102511625846
62,linear,common,2,54,0.7280867278792241,0.5573134483658431
62,bfg,common,2,54,0.814876913606253,0.7947676319714079
62,frozen_geometry,common,2,54,1.3262458757526476,1.3023306172208016
63,persistence,common,2,54,0.46989129585994016,0.34380450896078457
63,linear,common,2,54,0.8635572183286735,0.7338014168982616
63,bfg,common,2,54,0.8103132077799146,0.8013628763356531
63,frozen_geometry,common,2,54,1.6118848457761579,1.5830367924514825
64,persistence,common,2,54,0.5798744958041046,0.43911207800795293
64,linear,common,2,54,0.5676033720789948,0.44985443638588996
64,bfg,common,2,54,0.8317893602540432,0.8123579251040796
64,frozen_geometry,common,2,54,0.9985593475874459,0.9734786266397051
65,persistence,common,2,54,0.5021518759204178,0.3260964244419491
65,linear,common,2,54,0.4308030016124089,0.30094262420964774
65,bfg,common,2,54,0.7858529443668678,0.7277962027975092
65,frozen_geometry,common,2,54,0.7362302582450866,0.7238900570143573
66,persistence,common,2,54,0.9348089170989339,0.8268627544281304
66,linear,common,2,54,0.9012630082193134,0.8073202627394562
66,bfg,common,2,54,0.9043594901832256,0.8506086613829007
66,frozen_geometry,common,2,54,1.1306628160089125,1.1112791401076894
67,persistence,common,2,54,0.33781651472858654,0.2336150289491713
67,linear,common,2,54,2.210241191951839,2.100189263292681
67,bfg,common,2,54,0.9014734526033042,0.899068184725961
67,frozen_geometry,common,2,54,5.837093134510198,5.817886520720499
68,persistence,common,2,54,0.5646044442223371,0.3016514075281615
68,linear,common,2,54,0.5044532444158696,0.2908947510128581
68,bfg,common,2,54,0.7619740235635235,0.7074484283843239
68,frozen_geometry,common,2,54,0.7430197983779084,0.7291878561738572
69,persistence,common,2,54,0.7558623930431937,0.5653043546107288
69,linear,common,2,54,0.7395489437314974,0.5885335221136422
69,bfg,common,2,54,0.7851591138743237,0.7558880158544606
69,frozen_geometry,common,2,54,0.7506644413341688,0.7223420361392463
70,persistence,common,2,54,0.5049071186941867,0.35484848544391706
70,linear,common,2,54,0.4303973111975675,0.3104598914096149
70,bfg,common,2,54,0.8499242375269249,0.7795673668252313
70,frozen_geometry,common,2,54,0.7928634528019747,0.7810405657770794
71,persistence,common,2,54,0.5583478108205706,0.29834197200761475
71,linear,common,2,54,0.5334617632206521,0.30734903046800977
71,bfg,common,2,54,0.766128227527503,0.7200590478073792
71,frozen_geometry,common,2,54,0.7470717909201149,0.7200775896131494
72,persistence,common,2,54,0.5585615188804423,0.43438652628281693
72,linear,common,2,54,0.6311361142442165,0.5210204808062922
72,bfg,common,2,54,0.8150448001926351,0.8011512467468278
72,frozen_geometry,common,2,54,1.1757229234592264,1.1536098908938854
73,persistence,common,2,54,0.5583880872817377,0.3976649401311348
73,linear,common,2,54,0.5856183321389835,0.4635779006789524
73,bfg,common,2,54,0.7643142447430447,0.7448052302727596
73,frozen_geometry,common,2,54,0.9778878874489878,0.9521665721837105
74,persistence,common,2,54,0.417477118057351,0.3210017473642992
74,linear,common,2,54,0.4114055824349705,0.32773071587961167
74,bfg,common,2,54,0.7704186953005812,0.7436084955852762
74,frozen_geometry,common,2,54,0.7664445139264316,0.7448842251065274
75,persistence,common,2,52,0.5647776487981524,0.35343112394724685
75,linear,common,2,52,0.48428010262188903,0.3129474152182445
75,bfg,common,2,52,0.9686272580670936,0.8986810455925026
75,frozen_geometry,common,2,52,0.9170215089331623,0.9131679444255012
76,persistence,common,2,54,0.5726129279870611,0.4527168847440094
76,linear,common,2,54,0.8483449664282577,0.6578699807533623
76,bfg,common,2,54,0.8330094847952795,0.8176148333251962
76,frozen_geometry,common,2,54,1.3532327043232286,1.3256866684785387
77,persistence,common,2,54,0.590723635451048,0.34581833489062497
77,linear,common,2,54,0.5135250088204666,0.318164959728922
77,bfg,common,2,54,0.8796743787676274,0.7935792993868873
77,frozen_geometry,common,2,54,0.8428418749012184,0.8345201055648706
78,persistence,common,2,54,0.5610209672303139,0.3828937113309214
78,linear,common,2,54,0.6612953298554614,0.5280136130704589
78,bfg,common,2,54,0.7924548886364278,0.7703947591323155
78,frozen_geometry,common,2,54,0.9869432315993545,0.9484233812300538
79,persistence,common,2,54,0.5124499081734593,0.3094430463012581
79,linear,common,2,54,0.5254387413858483,0.3158868768846222
79,bfg,common,2,54,0.8803522680789944,0.7969071714240155
79,frozen_geometry,common,2,54,0.8420855557418794,0.8316693040251512
80,persistence,common,2,54,0.502384457224401,0.3040224702603275
80,linear,common,2,54,0.5157378412273255,0.3516964576320235
80,bfg,common,2,54,0.777627036380568,0.7430300872788825
80,frozen_geometry,common,2,54,0.6824043636854291,0.644227672021606
81,persistence,common,2,54,0.5801624947358803,0.5367707847142112
81,linear,common,2,54,0.7295410069146935,0.5879346093140301
81,bfg,common,2,54,0.958911498810352,0.8969950115959591
81,frozen_geometry,common,2,54,0.8702340738943537,0.859608287752498
82,persistence,common,2,54,0.7354550671617432,0.5356324462718635
82,linear,common,2,54,0.7156546601503956,0.5293144345809293
82,bfg,common,2,54,0.794051019166536,0.7493582839944177
82,frozen_geometry,common,2,54,0.6997157676254933,0.662911323638735
83,persistence,common,2,54,0.3913821980198851,0.26709900196648345
83,linear,common,2,54,0.4217315195324892,0.2770121722749991
83,bfg,common,2,54,0.870338737215265,0.7788388990854075
83,frozen_geometry,common,2,54,0.809007408716615,0.7988666720396271
84,persistence,common,2,54,0.617467848465856,0.357906186765922
84,linear,common,2,54,0.599273538421855,0.3190365502047432
84,bfg,common,2,54,0.9355480705274839,0.8574847990702139
84,frozen_geometry,common,2,54,0.8956050502110655,0.8858172731463725
85,persistence,common,2,54,0.7641795335012711,0.5920470468235983
85,linear,common,2,54,0.656154023771975,0.5086102741986599
85,bfg,common,2,54,0.8379474957314754,0.7708149949689688
85,frozen_geometry,common,2,54,0.7609616765224682,0.7391540216611636
86,persistence,common,2,54,0.9094862472634531,0.7925538928078477
86,linear,common,2,54,0.7171008925665878,0.6132952778127879
86,bfg,common,2,54,0.8646714981097359,0.824694238299953
86,frozen_geometry,common,2,54,0.8648026793074292,0.8433499343609251
87,persistence,common,2,54,0.5873039818951759,0.4423238450041827
87,linear,common,2,54,0.5050365020098456,0.37336053185153273
87,bfg,common,2,54,0.9014352716302867,0.8274709974700223
87,frozen_geometry,common,2,54,0.8441953423938284,0.8348565867546223
88,persistence,common,2,54,0.5505203821634325,0.3480765637037366
88,linear,common,2,54,0.5091517773487709,0.3649384541603784
88,bfg,common,2,54,0.7418299541655027,0.7089833673612844
88,frozen_geometry,common,2,54,0.6961664061474369,0.6751381289897265
89,persistence,common,2,54,0.5660736080662352,0.41898911217714296
89,linear,common,2,54,5.043910718714511,4.956992581455733
89,bfg,common,2,54,0.9447375401126374,0.9413093642750595
89,frozen_geometry,common,2,54,14.27644250532729,14.25688228696011
90,persistence,common,2,54,0.47338791447967987,0.30226491188864024
90,linear,common,2,54,0.4540012503783054,0.271443397687992
90,bfg,common,2,54,0.9282370982043593,0.8437790905679996
90,frozen_geometry,common,2,54,0.8611496892698499,0.8495594603556703
91,persistence,common,2,54,0.6702490701994077,0.6035174552775002
91,linear,common,2,54,0.5664767771815218,0.5026770467151551
91,bfg,common,2,54,0.9405460560556926,0.8528681894311192
91,frozen_geometry,common,2,54,0.8715859641565988,0.8618521075625174
92,persistence,common,2,54,0.5814531034329543,0.44526561786506547
92,linear,common,2,54,0.5194228735333384,0.40668761646314755
92,bfg,common,2,54,0.9129925675670653,0.852195315169071
92,frozen_geometry,common,2,54,0.8568091529112534,0.849747327947032
93,persistence,common,2,54,0.6783469041072892,0.4368363743603859
93,linear,common,2,54,0.7155618063002005,0.4920883486138426
93,bfg,common,2,54,0.7652033405613543,0.7365293373500205
93,frozen_geometry,common,2,54,0.6843472091449667,0.6333972014231652
94,persistence,common,2,54,0.48186224680193473,0.37061713745708136
94,linear,common,2,54,0.44313271902841433,0.3208676474749935
94,bfg,common,2,54,0.8539244395835297,0.7648264144353334
94,frozen_geometry,common,2,54,0.8051685464535168,0.7979206078286716
95,persistence,common,2,54,0.5805101394910267,0.30082443180496127
95,linear,common,2,54,0.57186116010635,0.29882329980462147
95,bfg,common,2,54,0.9098869136676186,0.817890740742293
95,frozen_geometry,common,2,54,0.8871274969902168,0.8751110076227
96,persistence,common,2,54,0.6641934605449222,0.531709974640577
96,linear,common,2,54,0.5484765941895574,0.4169301675507885
96,bfg,common,2,54,0.9576120221409917,0.8798139647076395
96,frozen_geometry,common,2,54,0.8918037402060168,0.8841125409746884
97,persistence,common,2,54,0.5338404342904506,0.29597247377806063
97,linear,common,2,54,0.5367252939414627,0.2888767987003554
97,bfg,common,2,54,0.7993892754645198,0.7298830941630825
97,frozen_geometry,common,2,54,0.7836057408017958,0.7681620885311562
98,persistence,common,2,54,0.6813287539073845,0.5169802964042977
98,linear,common,2,54,0.6177239149235394,0.4925858916791652
98,bfg,common,2,54,0.9237244428109612,0.885730433819101
98,frozen_geometry,common,2,54,0.9284879121117132,0.9053007534950863
99,persistence,common,2,54,0.44975789563355395,0.3189850003906
99,linear,common,2,54,0.4518398303399033,0.33519010937265215
99,bfg,common,2,54,0.8722652739142611,0.7946602268413268
99,frozen_geometry,common,2,54,0.8105550167309037,0.79971641674486
100,persistence,common,2,54,0.5410585426538699,0.39516414815486184
100,linear,common,2,54,0.5008893550293416,0.34975528208475865
100,bfg,common,2,54,0.9850240499949181,0.922984120786648
100,frozen_geometry,common,2,54,0.9226792913862003,0.9177538729427013
101,persistence,common,2,54,0.539627210558784,0.27335421638441815
101,linear,common,2,54,0.47826750617356534,0.25750718489405844
101,bfg,common,2,54,0.807486013435454,0.7273117430572567
101,frozen_geometry,common,2,54,0.8004102452450781,0.7850969638632989
102,persistence,common,2,54,0.4226555646712081,0.267290018255568
102,linear,common,2,54,0.6966962485906604,0.6138716203287645
102,bfg,common,2,54,0.7972890388888498,0.7882637243249354
102,frozen_geometry,common,2,54,1.6187613458477044,1.5986566111998495
103,persistence,common,2,46,0.6046770247257286,0.4330753561340981
103,linear,common,2,46,0.4928903066019439,0.3643329435924453
103,bfg,common,2,46,0.9558492905502465,0.883932803283602
103,frozen_geometry,common,2,46,0.8749105287378305,0.8703199872371576
104,persistence,common,2,54,0.7597193149775404,0.586502411849464
104,linear,common,2,54,0.6627246775771725,0.5360693194477207
104,bfg,common,2,54,0.819040245861153,0.7726845929102827
104,frozen_geometry,common,2,54,0.8300572682133276,0.81015480201238
105,persistence,common,2,54,0.4923637314730248,0.33896454126892855
105,linear,common,2,54,0.45109379442734154,0.33909955976494266
105,bfg,common,2,54,0.8282132292830382,0.7715287495420318
105,frozen_geometry,common,2,54,0.8418355230077015,0.8233765776882458
106,persistence,common,2,54,0.5691024147380945,0.4241640357010872
106,linear,common,2,54,0.46636982291726936,0.37338366175392423
106,bfg,common,2,54,0.9232478199734885,0.855278177151779
106,frozen_geometry,common,2,54,0.8556261998460067,0.8496453643594668
107,persistence,common,2,54,0.48900077566191436,0.3163424125988584
107,linear,common,2,54,0.44043354867910034,0.3137384413367418
107,bfg,common,2,54,0.8175219649947072,0.7569847784622201
107,frozen_geometry,common,2,54,0.7852740146824075,0.7696443992680736
108,persistence,common,2,54,0.7931446641239784,0.6356547245565332
108,linear,common,2,54,0.6029348638281697,0.4914819687787719
108,bfg,common,2,54,0.948080627948364,0.8758368944458845
108,frozen_geometry,common,2,54,0.8666383214529194,0.8538227683842072
109,persistence,common,2,54,0.14588056078954348,0.1238662687621013
109,linear,common,2,54,0.18156646901136894,0.16487497581363925
109,bfg,common,2,54,0.9997626449186554,0.9948756565359583
109,frozen_geometry,common,2,54,0.9967219687898359,0.9959272547634472
