generation,environment,reward_perspective,reward_control,reward_gain,perspective_closure,multiplicity_unity_distance,standpoint_persistence,action_source
0,perspective_A,0.7026065271228672,0.7026065271228672,0.0,True,0.2571353534437986,0.9935367430481831,model_free
1,perspective_A,0.7242409680574857,0.7242409680574857,0.0,True,0.3478916500613352,0.9928887309724995,model_free
2,perspective_A,0.7376176959101761,0.7376176959101761,0.0,True,0.35265855402038565,0.9929060253039169,model_free
3,perspective_A,0.7609355598636953,0.7609355598636953,0.0,True,0.35524125153151676,0.992956533850125,model_free
4,perspective_A,0.7609819955660728,0.7609819955660728,0.0,True,0.36028429279276275,0.9929968087130017,model_free
5,perspective_A,0.7678181334054139,0.7678181334054139,0.0,True,0.3577740354578301,0.9930820218305206,model_free
6,perspective_A,0.7356414230156791,0.7356414230156791,0.0,True,0.35914877490159997,0.9931622038067354,model_free
7,perspective_A,0.7742994494424558,0.7742994494424558,0.0,True,0.35482358535499603,0.9932481487396518,model_free
8,perspective_B,0.7880409240165984,0.7880409240165984,0.0,True,0.2723991943641132,0.9937140797369398,model_free
9,perspective_B,0.7784649731493126,0.7784649731493126,0.0,True,0.32493686685550227,0.9934174318303055,model_free
10,perspective_B,0.7801642990829911,0.7801642990829911,0.0,True,0.31803572841167765,0.9935340283050555,model_free
11,perspective_B,0.7795034347262687,0.7795034347262687,0.0,True,0.3119917275039123,0.9936878382370242,model_free
12,perspective_B,0.7508896198578408,0.7508896198578408,0.0,True,0.3065631946284201,0.9938135055236318,perspective
13,perspective_B,0.7784466441795002,0.7784466441795002,0.0,True,0.30247657039285947,0.9938669699921747,perspective
14,perspective_B,0.7605716163152818,0.7605716163152818,0.0,True,0.2984013672209409,0.9940175988918432,perspective
15,perspective_B,0.7780408901056987,0.7780408901056987,0.0,True,0.29464422512773003,0.9940909057550327,perspective
16,perspective_C,0.4827635105602483,0.4827635105602483,0.0,True,0.2154490539152951,0.994862742335387,perspective
17,perspective_C,0.502187002587462,0.502187002587462,0.0,True,0.2594600633368785,0.9942613140060673,perspective
18,perspective_C,0.5044719386211878,0.5044719386211878,0.0,True,0.26408959725120307,0.9943576855065376,perspective
19,perspective_C,0.48893381228314076,0.48893381228314076,0.0,True,0.2665339309016961,0.9944050038631708,perspective
20,perspective_C,0.49245850916765566,0.49245850916765566,0.0,True,0.26346786774612996,0.9944970152898794,perspective
21,perspective_C,0.4996092063372365,0.4996092063372365,0.0,True,0.26007370930460305,0.9945634418391017,perspective
22,perspective_C,0.48613334625534416,0.48613334625534416,0.0,True,0.2572860035956923,0.9946451074477151,perspective
23,perspective_C,0.4944961235104963,0.4944961235104963,0.0,True,0.2543866236421764,0.9947160580236333,perspective
24,perspective_A,0.7561475059775139,0.7561475059775139,0.0,True,0.29138659660864014,0.9946842160365703,perspective
25,perspective_A,0.7842906208449156,0.7842906208449156,0.0,True,0.28940815729382413,0.9947041861190963,perspective
26,perspective_A,0.7732849968875883,0.7732849968875883,0.0,True,0.29314351903303837,0.9947548241916276,perspective
27,perspective_A,0.7634873586901938,0.7634873586901938,0.0,True,0.29150522523951905,0.9948273349890381,perspective
28,perspective_A,0.7729605842364611,0.7729605842364611,0.0,True,0.2892642231559746,0.9948923153722813,perspective
29,perspective_A,0.7976526995724281,0.7976526995724281,0.0,True,0.28650579641118085,0.9949476316228746,perspective
30,perspective_A,0.7525496122091837,0.7525496122091837,0.0,True,0.29115238849696956,0.994991981154121,perspective
31,perspective_A,0.8022544150912193,0.8022544150912193,0.0,True,0.2893464557341055,0.9950829460192784,perspective
32,perspective_B,0.7793946196725403,0.7793946196725403,0.0,True,0.25488727729429983,0.9951872951504931,perspective
33,perspective_B,0.7755423977552964,0.7755423977552964,0.0,True,0.25203814830300286,0.9952929800231669,perspective
34,perspective_B,0.7778193519384338,0.7778193519384338,0.0,True,0.2502124680444035,0.9953951600458906,perspective
35,perspective_B,0.7662531830355013,0.7662531830355013,0.0,True,0.2483634749044382,0.9954755459365041,perspective
36,perspective_B,0.7862681653963546,0.7862681653963546,0.0,True,0.24648555037428216,0.9955482439345195,perspective
37,perspective_B,0.7758658755729002,0.7758658755729002,0.0,True,0.24586456091862602,0.9956329268603362,perspective
38,perspective_B,0.7938630845258796,0.7938630845258796,0.0,True,0.243674556709536,0.9956905308141771,perspective
39,perspective_B,0.7815703505733509,0.7815703505733509,0.0,True,0.24714599967874687,0.9957353534644846,perspective
40,perspective_C,0.5136279870183541,0.5136279870183541,0.0,True,0.22557117089757428,0.9958925137601814,perspective
41,perspective_C,0.48477502650656423,0.48477502650656423,0.0,True,0.23167492136695692,0.9959528958136827,perspective
42,perspective_C,0.5030154599793305,0.5030154599793305,0.0,True,0.2294667791089151,0.9960086958190484,perspective
43,perspective_C,0.5006782932962798,0.5006782932962798,0.0,True,0.23037596962715418,0.9960937111943263,perspective
44,perspective_C,0.4969772691775054,0.4969772691775054,0.0,True,0.22817673558595725,0.9961395941059114,perspective
45,perspective_C,0.5004482035982263,0.5004482035982263,0.0,True,0.22896787366553917,0.9962173633778543,perspective
46,perspective_C,0.49780799218774574,0.49780799218774574,0.0,True,0.2278883135638929,0.996269954382231,perspective
47,perspective_C,0.49763591912391203,0.49763591912391203,0.0,True,0.22713537800501468,0.9963244988578773,perspective
48,perspective_A,0.7628886119420419,0.7628886119420419,0.0,True,0.26031227984615296,0.9962663913033124,perspective
49,perspective_A,0.7748238267947405,0.7748238267947405,0.0,True,0.2564751114474935,0.996251191247932,perspective
50,perspective_A,0.7898758532394969,0.7898758532394969,0.0,True,0.2562616283248057,0.9962934349293037,perspective
51,perspective_A,0.8065132626711011,0.8065132626711011,0.0,True,0.25424460391739956,0.996312162363831,perspective
52,perspective_A,0.8134977239783887,0.8134977239783887,0.0,True,0.2605318061940399,0.9963980758757418,perspective
53,perspective_A,0.8032078389653596,0.8032078389653596,0.0,True,0.26145173433004176,0.9964220416266689,perspective
54,perspective_A,0.8068587970705845,0.8068587970705845,0.0,True,0.26119158245601776,0.9964815142296082,perspective
55,perspective_A,0.8191180354064611,0.8191180354064611,0.0,True,0.26039952760974966,0.9965296095542757,perspective
56,perspective_B,0.7719769689688638,0.7719769689688638,0.0,True,0.23124414176266125,0.9966009567286728,perspective
57,perspective_B,0.795713295098518,0.795713295098518,0.0,True,0.2319403909589206,0.9966917410611881,perspective
58,perspective_B,0.7709904893125827,0.7709904893125827,0.0,True,0.23493685377554663,0.9967782427338145,perspective
59,perspective_B,0.822290187248018,0.822290187248018,0.0,True,0.23575742718199522,0.9968405398879349,perspective
60,perspective_B,0.8188152927302381,0.8188152927302381,0.0,True,0.24076380757934263,0.996865815582923,perspective
61,perspective_B,0.8025115998744985,0.8025115998744985,0.0,True,0.2365831029405196,0.99688676128908,perspective
62,perspective_B,0.8135490677367644,0.8135490677367644,0.0,True,0.23663812178532204,0.9969380298079012,perspective
63,perspective_B,0.801626419715078,0.801626419715078,0.0,True,0.23939934813932034,0.9970052730012244,perspective
64,perspective_C,0.5154490145285624,0.5154490145285624,0.0,True,0.22416737344153248,0.9971394278931989,perspective
65,perspective_C,0.5174776347492567,0.5174776347492567,0.0,True,0.22762123897452682,0.9972313018799707,perspective
66,perspective_C,0.5067003157507306,0.5067003157507306,0.0,True,0.23208143846501908,0.9972634244090223,perspective
67,perspective_C,0.513547522714409,0.513547522714409,0.0,True,0.23012278779860276,0.9972990530190072,perspective
68,perspective_C,0.5244440318326015,0.5244440318326015,0.0,True,0.23214719137487566,0.9973480278047169,perspective
69,perspective_C,0.5051944043726864,0.5051944043726864,0.0,True,0.23981006054110718,0.9973977417628482,perspective
70,perspective_C,0.5478295900942947,0.5478295900942947,0.0,True,0.23334390420849752,0.9974099033057771,perspective
71,perspective_C,0.5285662319714354,0.5285662319714354,0.0,True,0.24040877329763038,0.9974282726630709,perspective
72,perspective_A,0.7705584806856686,0.7705584806856686,0.0,True,0.26214471043500986,0.9974116044890609,perspective
73,perspective_A,0.7975173054671921,0.766636011541534,0.030881293925658082,True,0.2580513972226633,0.9974023628052043,perspective
74,perspective_A,0.8038046517296156,0.8034198427728015,0.00038480895681403116,True,0.2525763433601328,0.9973804951429345,perspective
75,perspective_A,0.8133239040108815,0.8129642965656123,0.0003596074452691944,True,0.2518847449933046,0.9974016147519736,perspective
76,perspective_A,0.7871475922458971,0.7868099914832165,0.0003376007626806343,True,0.2504793371837188,0.9974148313698661,perspective
77,perspective_A,0.8156040349322138,0.8152897720082737,0.0003142629239401007,True,0.2520771103124898,0.9974657221300173,perspective
78,perspective_A,0.7968018906020826,0.7965135961172065,0.000288294484876106,True,0.25311603985666764,0.9975076628400135,perspective
79,perspective_A,0.8277321716819517,0.8274711491334046,0.0002610225485470963,True,0.2540875246555874,0.9975485240462243,perspective
80,perspective_B,0.8039080904065059,0.8036841054190333,0.00022398498747255857,True,0.23722379320883413,0.9976084377536983,perspective
81,perspective_B,0.8135119075536182,0.8133204466644438,0.00019146088917443294,True,0.24080871824451355,0.9976713632464865,perspective
82,perspective_B,0.818050205341266,0.8178884046774023,0.0001618006638637315,True,0.24343559292727315,0.9977275911870047,perspective
83,perspective_B,0.8244917644500952,0.8243567680476953,0.00013499640239988953,True,0.24595337787510604,0.997776539950908,perspective
84,perspective_B,0.8203514422168554,0.8202409645908797,0.00011047762597571342,True,0.24382470706634368,0.9977622505649117,perspective
85,perspective_B,0.8101643092134505,0.8100756619348652,8.864727858526322e-05,True,0.24446043711805893,0.9977999886483397,perspective
86,perspective_B,0.8127868768582367,0.8127184546205164,6.842223772030032e-05,True,0.2478262891406724,0.997848616297735,perspective
87,perspective_B,0.8042508919846127,0.8042008646979029,5.00272867098861e-05,True,0.246410882983935,0.997874168186128,perspective
88,perspective_C,0.5745084277916613,0.5744751447198628,3.328307179850665e-05,True,0.23637708440190053,0.9979188131889031,perspective
89,perspective_C,0.5621173486167232,0.5620981471301263,1.9201486596953643e-05,True,0.24416614872902515,0.9979776827528909,perspective
90,perspective_C,0.56228763828432,0.5622810036630004,6.634621319667744e-06,True,0.24711617651324524,0.9980210285394538,perspective
91,perspective_C,0.546131854888639,0.5461353670831204,-3.5121944813587547e-06,True,0.24619096193287887,0.9980479258460422,perspective
92,perspective_C,0.5681710106188096,0.5681832175776231,-1.2206958813543167e-05,True,0.24405669128353702,0.9980682308160892,perspective
93,perspective_C,0.555101125321771,0.5551206014289773,-1.947610720631765e-05,True,0.24908088090792252,0.9981146809934054,perspective
94,perspective_C,0.5653080249667861,0.5653331153898882,-2.509042310205878e-05,True,0.25226744198029893,0.9981517235076314,perspective
95,perspective_C,0.525828991088172,0.5258576253694262,-2.8634281254102945e-05,True,0.2480727835565726,0.9981651220531803,perspective
96,perspective_C,0.5387925615246887,0.5388231886256767,-3.062710098800103e-05,True,0.2493494737256256,0.9981964994472424,perspective
