recording,model,training_blocks,validation_blocks,a_gravity,b_viscous,c_quadratic,d_dry,scaled_design_condition,velocity_rmse,persistence_velocity_rmse,relative_increment_rmse,integration_step_sensitivity,integral_training_rmse
len1_cond1_1.csv,gravity,299,299,40.148352346410725,0.0,0.0,0.0,1.0,0.3400217716718012,1.468263734704644,0.2315808554245876,1.5456807944680406e-08,0.5404128687140687
len1_cond1_1.csv,viscous,299,299,40.14878289552377,0.009654817868988903,0.0,0.0,1.0068584846543354,0.3398554245915958,1.468263734704644,0.23146756032897667,1.5444323819835404e-08,0.5404054964827238
len1_cond1_1.csv,quadratic,299,299,40.20867273883276,0.0,0.048435167559878055,0.0,1.052011865699823,0.3350399996197883,1.468263734704644,0.22818788729886116,5.263077595962784e-08,0.5377791576887989
len1_cond1_1.csv,dry,299,299,40.148352346410725,0.0,0.0,0.0,1.0607741801415966,0.3400217716718012,1.468263734704644,0.2315808554245876,1.5456807944680406e-08,0.5404128687140687
len1_cond1_1.csv,mixed,299,299,40.20867273883276,0.0,0.048435167559878055,0.0,38.16367118972631,0.3350399996197883,1.468263734704644,0.22818788729886116,5.263077595962784e-08,0.5377791576887989
len1_cond2_1.csv,gravity,299,299,39.93552758090584,0.0,0.0,0.0,1.0,0.11395904823866454,0.6661596522412983,0.17106867378600404,8.559122327556068e-09,0.2736775159468495
len1_cond2_1.csv,viscous,299,299,39.93505887214964,0.03452414035172715,0.0,0.0,1.0021177467158275,0.11376540072688578,0.6661596522412983,0.17077798144051712,8.548916241579718e-09,0.2735943485946156
len1_cond2_1.csv,quadratic,299,299,39.96455817081551,0.0,0.057985120065930935,0.0,1.0299444944010903,0.11286322618198079,0.6661596522412983,0.1694236896549525,2.068750920569684e-08,0.2720330901023982
len1_cond2_1.csv,dry,299,299,39.93552758090584,0.0,0.0,0.0,1.049964294801741,0.11395904823866454,0.6661596522412983,0.17106867378600404,8.559122327556068e-09,0.2736775159468495
len1_cond2_1.csv,mixed,299,299,39.96455817081551,0.0,0.057985120065930935,0.0,24.17302511607788,0.11286322618198079,0.6661596522412983,0.1694236896549525,2.068750920569684e-08,0.2720330901023982
len1_cond3_1.csv,gravity,299,299,39.77635555550287,0.0,0.0,0.0,1.0,0.08242306132841953,0.399352004391328,0.2063920061051016,5.67232849579824e-09,0.2419368260694045
len1_cond3_1.csv,viscous,299,299,39.77844921533652,0.06668301768676083,0.0,0.0,1.0049824615067275,0.08203185703328825,0.399352004391328,0.20541240842979372,5.634853639246984e-09,0.241726102595129
len1_cond3_1.csv,quadratic,299,299,39.82625670688067,0.0,0.10176351534801131,0.0,1.0365776195565433,0.08141952859198981,0.399352004391328,0.203879103389215,1.3941130971861782e-08,0.23963662919547604
len1_cond3_1.csv,dry,299,299,39.77635555550287,0.0,0.0,0.0,1.0459641019576826,0.08242306132841953,0.399352004391328,0.2063920061051016,5.67232849579824e-09,0.2419368260694045
len1_cond3_1.csv,mixed,299,299,39.82625670688067,0.0,0.10176351534801131,0.0,26.548226224083667,0.08141952859198981,0.399352004391328,0.203879103389215,1.3941130971861782e-08,0.23963662919547604
len2_cond1_1.csv,gravity,299,299,29.01740392110602,0.0,0.0,0.0,1.0,0.07633585061367225,0.454246698992024,0.16804932382131105,2.7744689878872464e-09,0.11055320949620656
len2_cond1_1.csv,viscous,299,299,29.01742064406184,0.00495861119390856,0.0,0.0,1.0006228382737719,0.0763175786197134,0.454246698992024,0.16800909899634392,2.772720289478947e-09,0.11055202840110767
len2_cond1_1.csv,quadratic,299,299,29.02804219463889,0.0,0.07330950069594676,0.0,1.02088171300129,0.07573097046791408,0.454246698992024,0.16671771228269028,7.83016901317879e-09,0.11011856884062264
len2_cond1_1.csv,dry,299,299,29.01740392110602,0.0,0.0,0.0,1.0464247796828872,0.07633585061367225,0.454246698992024,0.16804932382131105,2.7744689878872464e-09,0.11055320949620656
len2_cond1_1.csv,mixed,299,299,29.02804219463889,0.0,0.07330950069594676,0.0,38.57445362852563,0.07573097046791408,0.454246698992024,0.16671771228269028,7.83016901317879e-09,0.11011856884062264
len2_cond2_1.csv,gravity,299,299,28.947637392848392,0.0,0.0,0.0,1.0,0.08417404187891364,0.47418757842416387,0.17751211906191985,3.297160683368716e-09,0.17631209397889835
len2_cond2_1.csv,viscous,299,299,28.950786992549872,0.05577156346408415,0.0,0.0,1.0104671365076277,0.08385294360712968,0.47418757842416387,0.1768349645214086,3.2831181107084717e-09,0.17610146952214611
len2_cond2_1.csv,quadratic,299,299,28.972493434795226,0.0,0.06976287315895971,0.0,1.032612783092903,0.08309737228196708,0.47418757842416387,0.1752415627548049,1.0438078401620032e-08,0.17492691079282577
len2_cond2_1.csv,dry,299,299,28.947637392848392,0.0,0.0,0.0,1.0410468416219474,0.08417404187891364,0.47418757842416387,0.17751211906191985,3.297160683368716e-09,0.17631209397889835
len2_cond2_1.csv,mixed,299,299,28.972493434795226,0.0,0.06976287315895971,0.0,24.773435142394504,0.08309737228196708,0.47418757842416387,0.1752415627548049,1.0438078401620032e-08,0.17492691079282577
len2_cond3_1.csv,gravity,299,299,28.97992692894987,0.0,0.0,0.0,1.0,0.060297201186566764,0.2675122914689277,0.22539974090712184,2.030222524818104e-09,0.11071262489410995
len2_cond3_1.csv,viscous,299,299,28.98007141326633,0.06270898987426844,0.0,0.0,1.0004282910963795,0.06001721060253568,0.2675122914689277,0.22435309522780134,2.033966051140368e-09,0.11051711854194618
len2_cond3_1.csv,quadratic,299,299,28.99527731248452,0.0,0.10200110379628892,0.0,1.019374603500668,0.05977752985822076,0.2675122914689277,0.22345713361422906,5.021824678319575e-09,0.10960940051611458
len2_cond3_1.csv,dry,299,299,28.97992692894987,0.0,0.0,0.0,1.0428931005405522,0.060297201186566764,0.2675122914689277,0.22539974090712184,2.030222524818104e-09,0.11071262489410995
len2_cond3_1.csv,mixed,299,299,28.99527731248452,0.0,0.10200110379628892,0.0,22.27592319822944,0.05977752985822076,0.2675122914689277,0.22345713361422906,5.021824678319575e-09,0.10960940051611458
len3_cond1_1.csv,gravity,299,299,22.813613784359248,0.0,0.0,0.0,1.0,0.10671908552978705,0.552011348097205,0.19332770222505397,1.9714105348178634e-09,0.13708627779472984
len3_cond1_1.csv,viscous,299,299,22.813686059006663,0.009333909294735652,0.0,0.0,1.0016052012726584,0.10667691486617215,0.552011348097205,0.1932513076658474,1.9697982134303516e-09,0.13708052313177857
len3_cond1_1.csv,quadratic,299,299,22.823762148383057,0.0,0.05257892883818386,0.0,1.0240599470232097,0.10592406658117968,0.552011348097205,0.19188748011486037,7.809269120251372e-09,0.13656904226734573
len3_cond1_1.csv,dry,299,299,22.813613784359248,0.0,0.0,0.0,1.063021024079024,0.10671908552978705,0.552011348097205,0.19332770222505397,1.9714105348178634e-09,0.13708627779472984
len3_cond1_1.csv,mixed,299,299,22.823762148383057,0.0,0.05257892883818386,0.0,34.45961568603633,0.10592406658117968,0.552011348097205,0.19188748011486037,7.809269120251372e-09,0.13656904226734573
len3_cond2_1.csv,gravity,299,299,22.71135359877618,0.0,0.0,0.0,1.0,0.07967051889492827,0.3187737216564896,0.24992812607301795,1.39806960453015e-09,0.13857471424234827
len3_cond2_1.csv,viscous,299,299,22.713156743302406,0.053603473165352404,0.0,0.0,1.0070116444685635,0.07937852124861543,0.3187737216564896,0.24901212319550506,1.3887457850358942e-09,0.13843528657177925
len3_cond2_1.csv,quadratic,299,299,22.73672203842639,0.0,0.09909231545367539,0.0,1.0347487707358525,0.07887497049459502,0.3187737216564896,0.24743247368298021,5.51796858205833e-09,0.1374161608249927
len3_cond2_1.csv,dry,299,299,22.71135359877618,0.0,0.0,0.0,1.058316079828551,0.07967051889492827,0.3187737216564896,0.24992812607301795,1.39806960453015e-09,0.13857471424234827
len3_cond2_1.csv,mixed,299,299,22.73672203842639,0.0,0.09909231545367539,0.0,22.85848862805346,0.07887497049459502,0.3187737216564896,0.24743247368298021,5.51796858205833e-09,0.1374161608249927
len3_cond3_1.csv,gravity,299,299,22.695478872301422,0.0,0.0,0.0,1.0,0.07415696635443562,0.2488601372116004,0.2979865204019459,1.1185653514544924e-09,0.13994827753615421
len3_cond3_1.csv,viscous,299,299,22.69982021766753,0.06320501953513216,0.0,0.0,1.0142674620651666,0.07388369046238256,0.2488601372116004,0.29688841005323746,1.115748243796233e-09,0.13971654989095314
len3_cond3_1.csv,quadratic,299,299,22.720641929839793,0.0,0.07410625454190375,0.0,1.038232507198835,0.07377472443371984,0.2488601372116004,0.2964505495349413,3.6827808719275268e-09,0.13883535341085637
len3_cond3_1.csv,dry,299,299,22.695478872301422,0.0,0.0,0.0,1.0431674101499073,0.07415696635443562,0.2488601372116004,0.2979865204019459,1.1185653514544924e-09,0.13994827753615421
len3_cond3_1.csv,mixed,299,299,22.720641929839793,0.0,0.07410625454190375,0.0,18.196899410088474,0.07377472443371984,0.2488601372116004,0.2964505495349413,3.6827808719275268e-09,0.13883535341085637
len4_cond1_1.csv,gravity,299,299,18.81519976313609,0.0,0.0,0.0,1.0,0.22705080883755133,0.7116289476948816,0.31905785953904414,1.5665312380619412e-09,0.2504528436748559
len4_cond1_1.csv,viscous,299,299,18.815218540187153,0.003048775844941486,0.0,0.0,1.0013806414597959,0.22701487447590635,0.7116289476948816,0.31900736361450177,1.5660739927092493e-09,0.25045221859791916
len4_cond1_1.csv,quadratic,299,299,18.841560910137865,0.0,0.059652002291692756,0.0,1.0438053310422872,0.22454246976998207,0.7116289476948816,0.31553307450086615,1.0991129728576965e-08,0.24917450660285703
len4_cond1_1.csv,dry,299,299,18.81519976313609,0.0,0.0,0.0,1.0818742248505553,0.22705080883755133,0.7116289476948816,0.31905785953904414,1.5665312380619412e-09,0.2504528436748559
len4_cond1_1.csv,mixed,299,299,18.841560910137865,0.0,0.059652002291692756,0.0,29.681869178624,0.22454246976998207,0.7116289476948816,0.31553307450086615,1.0991129728576965e-08,0.24917450660285703
len4_cond2_1.csv,gravity,299,299,18.698854079847376,0.0,0.0,0.0,1.0,0.09674945126950331,0.288567995963368,0.33527436383411374,7.955384268010235e-10,0.16251687289645325
len4_cond2_1.csv,viscous,299,299,18.69880923196759,0.031118325768059885,0.0,0.0,1.0003322734362252,0.09655263483813126,0.288567995963368,0.3345923185826471,7.949661762207683e-10,0.16248016914043267
len4_cond2_1.csv,quadratic,299,299,18.71683126019875,0.0,0.09256997836581907,0.0,1.0306796157697873,0.09596391834155492,0.288567995963368,0.3325521876436255,3.1106061060270918e-09,0.16180279162188752
len4_cond2_1.csv,dry,299,299,18.698854079847376,0.0,0.0,0.0,1.0730791215513729,0.09674945126950331,0.288567995963368,0.33527436383411374,7.955384268010235e-10,0.16251687289645325
len4_cond2_1.csv,mixed,299,299,18.71683126019875,0.0,0.09256997836581907,0.0,22.205749291849056,0.09596391834155492,0.288567995963368,0.3325521876436255,3.1106061060270918e-09,0.16180279162188752
len4_cond3_1.csv,gravity,299,299,18.718191471536162,0.0,0.0,0.0,1.0,0.08115279757233933,0.22848571598248055,0.35517667799663166,6.947802437540229e-10,0.13888383328126241
len4_cond3_1.csv,viscous,299,299,18.719014660434535,0.07249694922148674,0.0,0.0,1.0026193120319227,0.08082314487467132,0.22848571598248055,0.35373390641570146,6.954496874211902e-10,0.13868843618689913
len4_cond3_1.csv,quadratic,299,299,18.740752022666644,0.0,0.1185244965641561,0.0,1.0324598239275544,0.08057018683315947,0.22848571598248055,0.35262679982733497,2.9082002084290792e-09,0.13789717332907483
len4_cond3_1.csv,dry,299,299,18.718191471536162,0.0,0.0,0.0,1.0732214290330957,0.08115279757233933,0.22848571598248055,0.35517667799663166,6.947802437540229e-10,0.13888383328126241
len4_cond3_1.csv,mixed,299,299,18.740752022666644,0.0,0.1185244965641561,0.0,21.36314359533857,0.08057018683315947,0.22848571598248055,0.35262679982733497,2.9082002084290792e-09,0.13789717332907483
len5_cond1_1.csv,gravity,299,299,16.062947758804775,0.0,0.0,0.0,1.0,0.09984380751095549,0.39895521580002785,0.25026319636086963,6.858102419293743e-10,0.13179108173130838
len5_cond1_1.csv,viscous,299,299,16.062947758804775,0.0,0.0,0.0,1.003912749851024,0.09984380751095549,0.39895521580002785,0.25026319636086963,6.858102419293743e-10,0.13179108173130838
len5_cond1_1.csv,quadratic,299,299,16.076645218494413,0.0,0.07489132373416864,0.0,1.0342874275483627,0.09895593474152145,0.39895521580002785,0.24803770153270055,4.297926847751654e-09,0.13134574424651474
len5_cond1_1.csv,dry,299,299,16.062947758804775,0.0,0.0,0.0,1.071232479423582,0.09984380751095549,0.39895521580002785,0.25026319636086963,6.858102419293743e-10,0.13179108173130838
len5_cond1_1.csv,mixed,299,299,16.076645218494413,0.0,0.07489132373416864,0.0,30.44273049327014,0.09895593474152145,0.39895521580002785,0.24803770153270055,4.297926847751654e-09,0.13134574424651474
len5_cond2_1.csv,gravity,299,299,16.07592741782942,0.0,0.0,0.0,1.0,0.0796757435893236,0.26624998940129047,0.2992516310272477,5.304986866461192e-10,0.1033722832584079
len5_cond2_1.csv,viscous,299,299,16.076761677685596,0.030363579147137894,0.0,0.0,1.006859403733499,0.07953768725564987,0.26624998940129047,0.2987331095655787,5.318929463538069e-10,0.10332792114865429
len5_cond2_1.csv,quadratic,299,299,16.092529993653237,0.0,0.09331225854538225,0.0,1.0350181762664268,0.07894028732523224,0.26624998940129047,0.29648935386905834,3.293693012773602e-09,0.10267730553713247
len5_cond2_1.csv,dry,299,299,16.07592741782942,0.0,0.0,0.0,1.0661423018865268,0.0796757435893236,0.26624998940129047,0.2992516310272477,5.304986866461192e-10,0.1033722832584079
len5_cond2_1.csv,mixed,299,299,16.092529993653237,0.0,0.09331225854538225,0.0,25.224293160038528,0.07894028732523224,0.26624998940129047,0.29648935386905834,3.293693012773602e-09,0.10267730553713247
len5_cond3_1.csv,gravity,299,299,15.956084032389732,0.0,0.0,0.0,1.0,0.060174957019244954,0.16926065865570145,0.35551650039155747,3.5873520126683545e-10,0.10087202571894704
len5_cond3_1.csv,viscous,299,299,15.959292323727881,0.060295552652527167,0.0,0.0,1.0133969966099194,0.05989967673984688,0.16926065865570145,0.35389013144330683,3.595883694973434e-10,0.10072383740205836
len5_cond3_1.csv,quadratic,299,299,15.978198068449121,0.0,0.10883154365997498,0.0,1.0398421948668366,0.05978158159429462,0.16926065865570145,0.35319241972169246,1.5551736703978136e-09,0.100052768644814
len5_cond3_1.csv,dry,299,299,15.956084032389732,0.0,0.0,0.0,1.0594945393592217,0.060174957019244954,0.16926065865570145,0.35551650039155747,3.5873520126683545e-10,0.10087202571894704
len5_cond3_1.csv,mixed,299,299,15.978198068449121,0.0,0.10883154365997498,0.0,18.843500954940687,0.05978158159429462,0.16926065865570145,0.35319241972169246,1.5551736703978136e-09,0.100052768644814
