recording,scale_factor,error_on_valid,coverage
len1_cond1_1.csv,0.1,,0.0
len1_cond1_1.csv,0.5,0.6873615441680364,0.9649122807017544
len1_cond1_1.csv,1,0.661992966528978,1.0
len1_cond1_1.csv,2,0.7480706907794129,1.0
len1_cond1_1.csv,10,0.9305113111538608,1.0
len1_cond2_1.csv,0.1,0.6836809643861275,0.5641025641025641
len1_cond2_1.csv,0.5,0.665321575897429,1.0
len1_cond2_1.csv,1,0.7313327590665843,1.0
len1_cond2_1.csv,2,0.8288482711376858,1.0
len1_cond2_1.csv,10,0.9582515961106286,1.0
len1_cond3_1.csv,0.1,0.6860325126290756,0.7692307692307693
len1_cond3_1.csv,0.5,0.6821601134124354,1.0
len1_cond3_1.csv,1,0.771469790218584,1.0
len1_cond3_1.csv,2,0.8621879396360623,1.0
len1_cond3_1.csv,10,0.967844048095222,1.0
len2_cond1_1.csv,0.1,0.7017352466359731,0.8282828282828283
len2_cond1_1.csv,0.5,0.7553189369766514,1.0
len2_cond1_1.csv,1,0.8529114846865113,1.0
len2_cond1_1.csv,2,0.9193499097255053,1.0
len2_cond1_1.csv,10,0.9826299366532527,1.0
len2_cond2_1.csv,0.1,0.6862090320103041,0.43434343434343436
len2_cond2_1.csv,0.5,0.6653394086965149,1.0
len2_cond2_1.csv,1,0.7097138368963177,1.0
len2_cond2_1.csv,2,0.807091363264294,1.0
len2_cond2_1.csv,10,0.9511628625540737,1.0
len2_cond3_1.csv,0.1,0.6865834284889898,0.81
len2_cond3_1.csv,0.5,0.6992295079003259,1.0
len2_cond3_1.csv,1,0.7951008391731549,1.0
len2_cond3_1.csv,2,0.8798725511751637,1.0
len2_cond3_1.csv,10,0.9726265035091259,1.0
len3_cond1_1.csv,0.1,,0.0
len3_cond1_1.csv,0.5,0.6477276370739163,1.0
len3_cond1_1.csv,1,0.7030309250783452,1.0
len3_cond1_1.csv,2,0.8079784186329424,1.0
len3_cond1_1.csv,10,0.952869189470029,1.0
len3_cond2_1.csv,0.1,0.7267372538640648,0.4827586206896552
len3_cond2_1.csv,0.5,0.6760691963638601,1.0
len3_cond2_1.csv,1,0.730053955971016,1.0
len3_cond2_1.csv,2,0.8236618651584534,1.0
len3_cond2_1.csv,10,0.9559052903017354,1.0
len3_cond3_1.csv,0.1,0.6801159363283538,0.5862068965517241
len3_cond3_1.csv,0.5,0.6867743996827513,0.9770114942528736
len3_cond3_1.csv,1,0.6672272545542858,1.0
len3_cond3_1.csv,2,0.7455399697585867,1.0
len3_cond3_1.csv,10,0.9275278456251076,1.0
len4_cond1_1.csv,0.1,,0.0
len4_cond1_1.csv,0.5,0.7432330984505838,0.1794871794871795
len4_cond1_1.csv,1,0.6725536319964298,1.0
len4_cond1_1.csv,2,0.6634078964170673,1.0
len4_cond1_1.csv,10,0.8808742634006043,1.0
len4_cond2_1.csv,0.1,0.7054364563448763,0.3670886075949367
len4_cond2_1.csv,0.5,0.6810160894327009,1.0
len4_cond2_1.csv,1,0.6912256053774679,1.0
len4_cond2_1.csv,2,0.7818737036775739,1.0
len4_cond2_1.csv,10,0.9417544566015031,1.0
len4_cond3_1.csv,0.1,0.6791229388211326,0.5
len4_cond3_1.csv,0.5,0.6684029455952889,1.0
len4_cond3_1.csv,1,0.6929028675342368,1.0
len4_cond3_1.csv,2,0.7887087955187008,1.0
len4_cond3_1.csv,10,0.9449479430574887,1.0
len5_cond1_1.csv,0.1,,0.0
len5_cond1_1.csv,0.5,0.6628786444647273,1.0
len5_cond1_1.csv,1,0.6675322715421507,1.0
len5_cond1_1.csv,2,0.768076162504497,1.0
len5_cond1_1.csv,10,0.9397079191318369,1.0
len5_cond2_1.csv,0.1,0.7061992601373744,0.1643835616438356
len5_cond2_1.csv,0.5,0.669814590086838,1.0
len5_cond2_1.csv,1,0.6823115932826184,1.0
len5_cond2_1.csv,2,0.7778615836281896,1.0
len5_cond2_1.csv,10,0.9414749413979087,1.0
len5_cond3_1.csv,0.1,0.6751043879217057,0.5540540540540541
len5_cond3_1.csv,0.5,0.6825820936069762,0.972972972972973
len5_cond3_1.csv,1,0.664778690327276,1.0
len5_cond3_1.csv,2,0.7442593084397612,1.0
len5_cond3_1.csv,10,0.9272696814754386,1.0
