generation,environment,reward,maintenance,environment_match,world_coherent,organism_coherent,world_self_distance,world_self_corridor,self_mediator_strength,self_reference_reachable,organism_recurrent_coupling,policy_to_self_coupling,recurrent_rho,self_model_closure,self_model_action_used,self_model_action_intervention,action_source,chosen_candidate_index,candidate_count,prediction_error,persistence_baseline_error,policy_change_norm,memory_slots,mean_resource,retained_fraction,export_fraction,self_model_excess_export_norm,self_model_excess_exports_total
0,self_world_A,0.6723468710772151,0.453682564183663,0.6983615913542266,True,True,0.8000148063129151,True,0.5370833528753102,False,0.34097174496900867,0.03188202361874559,0.3310165644861601,False,False,False,model_free,1,5,,,0.08790063185339772,1,0.4595438387067297,0.9404076160249328,0.05959238397506723,0.0,0
1,self_world_A,0.6939195899157453,0.5228872680625305,0.6983615913542266,True,True,0.9316901029647023,True,0.5944622975511545,False,0.5361786269563408,0.03224679774668416,0.3168333760811647,False,False,False,model_free,0,5,,,0.0,1,0.5279062633384168,0.9541865862480418,0.04581341375195818,0.0,0
2,self_world_A,0.706868917639601,0.5610196935502536,0.6983615913542266,True,True,0.9347005704332347,True,0.6027248509234636,False,0.6723349868289439,0.031004663585304706,0.4766443666097037,False,False,False,model_free,0,5,,,9.81547334535603e-18,1,0.5663671827715948,0.9594652204915591,0.04053477950844076,0.0,0
3,self_world_A,0.6772863208769527,0.5873968099234522,0.6253047951411705,True,True,0.9383947352086527,True,0.6066985686160271,False,0.7109831590776293,0.38527646598496385,0.5043704812626236,False,False,False,model_free,1,5,,,0.06895249710851147,1,0.5932186681087965,0.9632742213389472,0.03672577866105278,0.0,0
4,self_world_A,0.7220816798935632,0.6124279794277593,0.6983615913542266,True,True,0.9429292048831296,True,0.6095050645883583,False,0.8442353031991003,0.42483398871264894,0.6356278272712512,False,False,False,model_free,0,5,,,0.06895249710851147,1,0.6190405100276105,0.966617352177186,0.03338264782281404,0.0,0
5,self_world_A,0.7269747492521363,0.622707582857774,0.6983615913542266,True,True,0.9483361464926172,True,0.6121171100182325,False,0.8467610357989566,0.4694664881635952,0.6549279440461999,False,False,False,model_free,0,5,,,6.505213034913027e-19,1,0.6299319884234132,0.9676841868331075,0.03231581316689253,0.0,0
6,self_world_A,0.7248614449804037,0.6223612650903925,0.6901579910734034,True,True,0.9506425665423202,True,0.6131266926022118,False,0.8510044586169518,0.6825061918086818,0.655493585878347,False,False,False,model_free,1,5,,,0.06597093226652587,1,0.6300906768518494,0.9675120818442742,0.032487918155726,0.0,0
7,self_world_A,0.7297345937252299,0.6155431535623886,0.6983615913542266,True,True,0.9504278128625534,True,0.613091147543206,False,0.8398663852753792,0.6841878076551386,0.5925621293582755,False,False,False,model_free,0,5,,,0.06597093226652587,1,0.6237807462221293,0.9664223539740048,0.03357764602599533,0.0,0
8,self_world_B,0.7902905996510803,0.5760542426575017,0.8309251736785285,True,True,0.9141161691512198,True,0.3632059517955198,False,0.8894322247886174,0.6854596680393767,0.5940368824704905,False,False,False,model_free,0,5,,,0.0,2,0.5845043218955126,0.9611861518321035,0.03881384816789637,0.0,0
9,self_world_B,0.7809062258597328,0.5451997439687895,0.8229746290433981,True,True,0.8912015377492793,True,0.3645381443236208,False,1.1181220341105744,0.7441904269239228,0.7465499393044905,False,False,False,model_free,1,5,,,0.07046553989952854,2,0.5539808550579796,0.9564153847341146,0.0435846152658852,0.0,0
10,self_world_B,0.7813204751711116,0.5197647648377892,0.8309251736785285,True,True,0.8747392078379281,True,0.3654367226960125,False,1.217236316820767,0.6866529817989823,0.8986947369906007,False,False,False,model_free,0,5,,,0.07046553989952854,2,0.5288059007995612,0.9520663196957742,0.047933680304225845,0.0,0
11,self_world_B,0.7798420343301794,0.5035948571433425,0.8309251736785285,True,True,0.8621870085670329,True,0.36609966575831726,False,1.232382465312814,0.689903764787278,0.9143646896766701,False,False,False,model_free,0,5,,,3.529906531158615e-18,2,0.5125898744231661,0.9493138232961098,0.05068617670389004,0.0,0
12,self_world_B,0.7752863436430462,0.4929386131065948,0.8226641268669375,True,True,0.8548895789567024,True,0.36655420819898954,False,1.234580466683547,0.7173922693541104,0.9159352589279524,False,False,False,model_free,1,5,0.007616884939703385,0.00734621592541971,0.061647643263695796,2,0.5017723440477556,0.9476538194079394,0.052346180592060504,0.0,0
13,self_world_B,0.7770307858501353,0.4881719163858106,0.8302394317756987,True,True,0.8505262466534244,True,0.3669130237979847,True,1.2393715011611994,0.6845313113288655,0.9207127034133915,True,True,True,self_model,3,5,0.011095812621683111,0.01103218317094252,0.11,2,0.49714731716984745,0.9468472989561252,0.053152701043874685,0.0,0
14,self_world_B,0.7528848753967826,0.4817855924357845,0.788482575314106,True,True,0.8486142046390379,True,0.3670490784982862,True,1.2904308576208314,0.46210327496941456,0.9251745406544489,True,True,True,self_model,4,5,0.025746484128967035,0.024247412564118748,0.11000000000000001,2,0.49061167137916223,0.9459021910156264,0.054097808984373656,0.0,0
15,self_world_B,0.7330192441887953,0.4808198929005246,0.751941116621973,True,True,0.8462313969758577,True,0.3672859506230897,True,1.2574146899019207,0.7563369341140272,0.9265051916360276,True,True,True,self_model,1,5,0.021090396965174785,0.020587086707850463,0.11,2,0.48969348285348707,0.9458379194261279,0.0541620805738722,0.0,0
16,self_world_C,0.45070747364887087,0.46774300009464587,0.21595123924715998,True,True,0.7941822518334394,True,0.21652491440983046,True,1.2622582322177287,0.7759045245004836,0.9300651530812554,True,True,True,self_model,2,5,0.023056240431038176,0.013333923816378958,0.06725239606790806,3,0.4764025113779313,0.9438141925482904,0.05618580745170944,0.0,0
17,self_world_C,0.4575724007895654,0.46302440720695814,0.23215008313043098,True,True,0.7867196341732919,True,0.21749356583244417,True,1.285635217954179,0.7801956262931402,0.9449994298041617,True,True,True,self_model,4,5,0.011540295648001193,0.006037308953539837,0.07490024811427243,3,0.47168845581935,0.9431086963103017,0.056891303689698275,0.0,0
18,self_world_C,0.441029933591287,0.46005198593342317,0.2016671471238831,True,True,0.7841598373040854,True,0.21785769050419437,True,1.295544533318123,0.691389158681359,0.9452247338435698,True,False,False,model_free,1,5,0.009197187810690692,0.005803415667324353,0.09409165115034415,3,0.46869645776410634,0.942747013232437,0.05725298676756291,0.0,0
19,self_world_C,0.4516853845405058,0.46067364155250506,0.22243909782428675,True,True,0.7826476569415792,True,0.21811379662377162,True,1.307929158577905,0.6718799136078145,0.9498365891427777,True,False,False,model_free,0,5,0.007748077266365648,0.0036032932502295667,0.10248486079920512,3,0.46932975364740376,0.9431207329889585,0.05687926701104153,0.0,0
20,self_world_C,0.45270858513601303,0.46589650118972753,0.22243909782428675,True,True,0.7832503748224832,True,0.21813898067206303,True,1.3201332899963327,0.6632693365641744,0.9519314317390732,True,False,False,model_free,0,5,0.006158105360178647,0.0028992025273102094,0.0,3,0.47462727493561535,0.9443482850430134,0.05565171495698668,0.0,0
21,self_world_C,0.46763870229183324,0.4774199659949237,0.2450463296795121,True,True,0.7865033740055954,True,0.21784770058948005,True,1.3244286490236556,0.6808973818203621,0.9542417720162288,True,False,False,model_free,1,5,0.009966367232675943,0.008477003633075197,0.07426790031742414,3,0.48649960885552096,0.9465280881882023,0.053471911811797536,0.0,0
22,self_world_C,0.4623220588299256,0.48443115016448,0.2312534401286332,True,True,0.7934229026059744,True,0.21708407512088743,True,1.331541482564316,0.684989585063441,0.9557059780763275,True,False,False,model_free,0,5,0.004770020487182127,0.004426750008096012,0.04604609819680298,3,0.49376527549606264,0.9477862885075639,0.05221371149243609,0.0,0
23,self_world_C,0.4634180832409395,0.4888164891204315,0.2312534401286332,True,True,0.7977192897251291,True,0.21661957434839077,True,1.3375736400124063,0.6898843650445068,0.9567869365338895,True,False,False,model_free,0,5,0.0029952301453496258,0.002657051762412285,0.0,3,0.498426712952811,0.9484867705095921,0.05151322949040797,0.0,0
24,self_world_A,0.7213648268956805,0.5307317986158769,0.7070271198216581,True,True,0.9324153430474861,True,0.5992296615527558,True,1.3703407161524546,0.6671118082478723,0.9782094828014976,True,False,False,model_free,1,5,0.024690992025789064,0.034345478145663834,0.10999999999999999,3,0.5415277513802745,0.9544264178251725,0.04557358217482743,0.0,0
25,self_world_A,0.6776239502861152,0.5551295946340923,0.612043985676558,True,True,0.9338236153008995,True,0.60369224531815,True,1.3838170479892808,0.7005108441376925,0.9879475350966381,True,True,True,self_model,1,5,0.020755188399880744,0.024750762428977117,0.10999999999999999,3,0.5666211496675292,0.9576299907514632,0.0423700092485369,0.0,0
26,self_world_A,0.7568490029716302,0.5707675957064232,0.7564661134577666,True,True,0.9361855777383495,True,0.6062209545388951,True,1.3797200671384384,0.722092375869213,0.9891048906520665,True,True,True,self_model,1,5,0.01708659560186943,0.01281823129381754,0.10999999999999999,3,0.5827153050512882,0.9594745183792016,0.04052548162079828,0.0,0
27,self_world_A,0.7344370701792564,0.5812090316156487,0.7094272259408552,True,True,0.9381803666086572,True,0.6077860454212566,True,1.382227147619959,0.8503537173101758,0.9907384634783416,True,True,True,self_model,1,5,0.025006822920959064,0.021845254622850526,0.09790793875847262,3,0.5935790201442798,0.9606309071182745,0.03936909288172545,0.0,0
28,self_world_A,0.7512933554933999,0.5901864611777782,0.737055564592889,True,True,0.9397312879346452,True,0.6088186511557839,True,1.3838324573996337,0.8610157588549017,0.9914090615246665,True,True,True,self_model,1,5,0.02982550984141498,0.030643007549017456,0.11,3,0.6028652281481556,0.9616140097244468,0.03838599027555335,0.0,0
29,self_world_A,0.7435402391284921,0.5975723379334528,0.7181010714235732,True,True,0.94124699705626,True,0.6096998933062825,True,1.382045408028277,0.8615573153862641,0.9913242757258084,True,True,True,self_model,3,5,0.01231933237000046,0.004383667606510209,0.05518717591638939,3,0.6105424070258835,0.9624822078924655,0.037517792107534476,0.0,0
30,self_world_A,0.6943463899916693,0.6031684408579391,0.6215561560987007,True,True,0.9426840631906828,True,0.610443325171636,True,1.383445077562456,0.8794411806485523,0.9920221522064077,True,True,True,self_model,4,5,0.016214123869441998,0.012898106360134168,0.10925977737641544,3,0.616449832756995,0.9632067845209271,0.03679321547907266,0.0,0
31,self_world_A,0.7469319565836647,0.6062943303225274,0.7217340465161839,True,True,0.9439174123859002,True,0.6110305219545532,True,1.3823154194064111,0.8901720718845493,0.9918627413563459,True,True,True,self_model,2,5,0.02729962533580733,0.024476677465702153,0.11,3,0.6197421292019355,0.9635184962149291,0.03648150378507074,0.0,0
32,self_world_B,0.7884140925762745,0.5807526799617738,0.8146218020308661,True,True,0.9080723988935392,True,0.36282116818281157,True,1.4044272954873973,0.8949409572247404,0.9918885714204843,True,True,True,self_model,4,5,0.01013930815133495,0.022156908952505817,0.07124751461983325,3,0.5937973927702925,0.9607327039909803,0.039267296009019674,0.0,0
33,self_world_B,0.7920838371513261,0.5653403203711427,0.8309251736785285,True,True,0.8936708430399436,True,0.3638865997976647,True,1.411273513675436,0.8818827899770093,0.9918039092786652,True,True,False,self_model,0,5,0.011200727168098928,0.009989239374654799,0.059215195923079174,3,0.5781686765260347,0.9590114728792889,0.04098852712071106,0.0,0
34,self_world_B,0.7965545155582952,0.5570209656887112,0.8466378265237056,True,True,0.8855623123220095,True,0.3645349397387477,True,1.4039937543140055,0.8848716569868135,0.9920980601255748,True,True,True,self_model,1,5,0.005830739885153924,0.007544347475940902,0.05329275337997169,3,0.5698023143701446,0.9581187134127234,0.04188128658727681,0.0,0
35,self_world_B,0.8067337011718219,0.5533509729100593,0.8684636965846474,True,True,0.8814303863708136,True,0.36489896244874453,True,1.3983453951313085,0.8803360584616179,0.9921139271158439,True,True,True,self_model,3,5,0.01140095071334665,0.006330439200086865,0.050129832055467366,3,0.5662462947317107,0.9576727263820785,0.04232727361792144,0.0,0
36,self_world_B,0.8172776650100108,0.5529092246687293,0.8901730081448715,True,True,0.8796252010678256,True,0.3650403878943322,True,1.4206735455003714,0.8735192134377608,0.9923044504657036,True,True,True,self_model,4,5,0.02188435501363133,0.022845116441693854,0.07603426225512916,3,0.5660932750988039,0.9576876466212034,0.04231235337879671,0.0,0
37,self_world_B,0.7982188841969573,0.5520049141844181,0.8574414957563843,True,True,0.8795235291136971,True,0.36506794549579097,True,1.4143915566822842,0.796286703432121,0.9923005115026511,True,True,True,self_model,3,5,0.00976372135828481,0.007567169039072553,0.05731049383379256,3,0.565445539766537,0.9575465738273593,0.042453426172640536,0.0,0
38,self_world_B,0.8259563821116511,0.5535134095049776,0.9109960662072809,True,True,0.8790927469828803,True,0.36508536692015947,True,1.4341929390678356,0.828579755441783,0.9923205455278319,True,True,True,self_model,4,5,0.008941449520153367,0.008055303969760999,0.09058864809340246,3,0.5673696770716613,0.9576834922069442,0.04231650779305583,0.0,0
39,self_world_B,0.8337121585490104,0.5537713411611784,0.9270892036711332,True,True,0.8798644983891125,True,0.36499647639332805,True,1.4431895197938842,0.7721783471357496,0.9923259350156342,True,True,True,self_model,2,5,0.006439845257805787,0.0017004017524764356,0.07471653640264499,3,0.5679002332023235,0.9577135021428445,0.04228649785715554,0.0,0
40,self_world_C,0.5295560347194197,0.5395805919167486,0.3512269853683997,True,True,0.8440380251784001,True,0.21208968161512393,True,1.4219480841922418,0.7715729965039226,0.9923289913481462,True,True,True,self_model,3,5,0.01503926333333408,0.013763340204839962,0.1016127221152366,3,0.5535788743815264,0.9559591816140653,0.044040818385934676,0.0,0
41,self_world_C,0.47770815803928857,0.5281576182633558,0.2572071558849084,True,True,0.8342523497825396,True,0.21292286315189674,True,1.4328441822773907,0.7759149216987856,0.9929509777954597,True,True,True,self_model,4,5,0.010524469803945502,0.011894109444867735,0.11,3,0.5418324598641303,0.954542641447095,0.045457358552904954,0.0,0
42,self_world_C,0.49071596602541717,0.5222226845501402,0.2854331194255116,True,True,0.8265866619606572,True,0.2136491805291387,True,1.4201558452397882,0.8440185062167428,0.9930176410929886,True,True,True,self_model,2,5,0.021956736469148145,0.022482200547533356,0.07614378401599883,3,0.5357092716966577,0.953763521375878,0.04623647862412193,0.0,0
43,self_world_C,0.49661967291392234,0.5205621655489501,0.2976990863745663,True,True,0.8226599412651426,True,0.21403209305668303,True,1.415157612651121,0.8125232599850452,0.9930170219540081,True,True,True,self_model,2,5,0.01608052460568203,0.01980822850387688,0.11,3,0.5339899815686561,0.9535268701842777,0.046473129815722464,0.0,0
44,self_world_C,0.48974310387132625,0.5183578858026315,0.2865861159102827,True,True,0.8215549297744882,True,0.21413640880979135,True,1.4151135083463486,0.8777994204609656,0.9930547811720619,True,True,True,self_model,1,5,0.016664587031513307,0.01740833251847775,0.10999999999999999,3,0.5315585488767723,0.9533330956830783,0.04666690431692156,0.0,0
45,self_world_C,0.4962749382995607,0.52041560564627,0.299226726539995,True,True,0.8201689635747146,True,0.21431679444933024,True,1.41609492148998,0.87657695648088,0.9932169518270302,True,True,True,self_model,4,5,0.01663485617653653,0.01955849292442947,0.06502467087217678,3,0.5336187817130186,0.9536867471596963,0.046313252840303826,0.0,0
46,self_world_C,0.5116056755400411,0.522471191170904,0.32780273189164383,True,True,0.8215668114197725,True,0.21420628665643499,True,1.4165394766499744,0.8790448200921288,0.9932212290315635,True,True,True,self_model,4,5,0.004887090413190895,0.005190638851732031,0.11,3,0.5357633121151353,0.9538842971649724,0.046115702835027535,0.0,0
47,self_world_C,0.5041911043906314,0.5249113406588308,0.3123351066180971,True,True,0.8228500568377115,True,0.21405007976919468,True,1.4160768926926783,0.8531318144726779,0.9932219864446726,True,True,True,self_model,2,5,0.005788672825391361,0.00868840904180399,0.10419709820570765,3,0.538265961745387,0.9542980119313282,0.04570198806867189,0.0,0
48,self_world_A,0.7247546824040634,0.55851423391514,0.7204005103666703,True,True,0.9338254946742021,True,0.6034413256768301,True,1.4090670767916391,0.8660735168727153,0.9931570906072644,True,True,True,self_model,1,5,0.01795739604113364,0.026008644941538178,0.11000000000000001,3,0.5723944852361408,0.9585596128663281,0.041440387133672034,0.0,0
49,self_world_A,0.7347032586177826,0.5815175362983999,0.7283886006493833,True,True,0.936964746414203,True,0.6068545352370525,True,1.408571678480316,0.8775448284099097,0.9932220632479197,True,True,True,self_model,4,5,0.006496921912043216,0.013250350323479945,0.07300459849065971,3,0.5956552304502221,0.9612468904523108,0.038753109547689235,0.0,0
50,self_world_A,0.7436906979513926,0.5972470937633971,0.7375605187846491,True,True,0.9403005146132745,True,0.6091221083813723,True,1.4084748678142684,0.797725010997274,0.9932497898988041,True,True,True,self_model,3,5,0.015508276185839765,0.015755802600662106,0.07234140235568079,3,0.6114679957616876,0.9629414749356607,0.03705852506433918,0.0,0
51,self_world_A,0.6994651477403666,0.6102495624479212,0.6461027939224285,True,True,0.9430918339415243,True,0.6106280666097386,True,1.4083330102556484,0.7971291302217428,0.9932540727316985,True,True,True,self_model,3,5,0.007099599753771914,0.007225301322450422,0.11000000000000001,3,0.6246452030751993,0.9644388691354273,0.03556113086457266,0.0,0
52,self_world_A,0.7106357358597732,0.618320905588359,0.6632898144193924,True,True,0.9458881758312978,True,0.6119058716650942,True,1.4126451711910863,0.8070002962753886,0.9931938612112234,True,True,True,self_model,2,5,0.013551073578052521,0.011980207885540248,0.07763347404894885,3,0.6328208126432654,0.9652529741143863,0.03474702588561389,0.0,0
53,self_world_A,0.7247584904825352,0.6239588582185499,0.6879169674320634,True,True,0.947688432736677,True,0.612667871251108,True,1.4097526796482758,0.8026770295415878,0.9930894474233989,True,True,True,self_model,1,5,0.01512564961318924,0.013071395117660123,0.11,3,0.6384075427431734,0.9659418271197389,0.03405817288026099,0.0,0
54,self_world_A,0.7303180598511984,0.6268102434399437,0.6968699250214817,True,True,0.949144440391094,True,0.6132240470845864,True,1.410504103584382,0.7749505307957354,0.9931371596464256,True,True,True,self_model,1,5,0.00994572435274195,0.002746313543363033,0.09013680982040327,3,0.6412101117106523,0.966185971158388,0.033814028841612026,0.0,0
55,self_world_A,0.7542729318403572,0.629723542762943,0.7407175074333783,True,True,0.9498017592847484,True,0.6134759152863363,True,1.4116746029458562,0.8097309415352105,0.9931106135634351,True,True,True,self_model,2,5,0.028831857759501377,0.031962814665043776,0.11000000000000001,3,0.6440647644801981,0.9665414762769345,0.033458523723065625,0.0,0
56,self_world_B,0.8246582616075033,0.6037264838877118,0.8889100013010306,True,True,0.9229216527633618,True,0.362000917283397,True,1.4207689408374657,0.8093397925329394,0.993257435747433,True,True,False,self_model,0,5,0.007583156522606373,0.014503705314486711,0.10999999999999999,3,0.6175824509557503,0.964010120088536,0.03598987991146406,0.0,0
57,self_world_B,0.8273161472587267,0.5874943333418132,0.9022143705288981,True,True,0.9073956092547545,True,0.3631430874945269,True,1.4248417795534654,0.7162804716031225,0.9938009916587676,True,True,True,self_model,4,5,0.01184695606109438,0.015836270597626843,0.09855461517122746,3,0.6011335741312313,0.9622897352831727,0.037710264716827195,0.0,0
58,self_world_B,0.8413275590807769,0.5783843678213146,0.9340946858306832,True,True,0.8982319104859229,True,0.3638309119427111,True,1.4271186698425502,0.7285121652541234,0.9938520104063697,True,True,True,self_model,3,5,0.0034058623951129926,0.008209893643815832,0.08917093650555205,3,0.5920566458653289,0.9612247748733919,0.03877522512660823,0.0,0
59,self_world_B,0.8309526339302753,0.5720796866253693,0.9180920215972225,True,True,0.8932473570488422,True,0.36418831085298564,True,1.4366969415298456,0.6783144226496086,0.9938900717601487,True,True,True,self_model,4,5,0.01016657168532724,0.011117348662589026,0.09991869513786476,3,0.5858267790077364,0.960476201543981,0.039523798456018985,0.0,0
60,self_world_B,0.8312306977677006,0.5675397363092269,0.9211878250326364,True,True,0.889889971329973,True,0.3644331824621148,True,1.439630446755211,0.6740069687506229,0.9939746178997224,True,True,True,self_model,4,5,0.015133803503181484,0.014074658193372754,0.08580939068190405,3,0.581417914778352,0.959814746591588,0.04018525340841192,0.0,0
61,self_world_B,0.8309334308398902,0.5645014329900122,0.9222974807879238,True,True,0.8874170835081432,True,0.36457158409142754,True,1.4392982478437493,0.6703536333148908,0.9939944915099528,True,True,True,self_model,3,5,0.004321906322994674,0.004769612786160567,0.06874027468323268,3,0.5784913297083021,0.9593919479068539,0.04060805209314619,0.0,0
62,self_world_B,0.8264483397005062,0.5623945164482439,0.9150971758106684,True,True,0.8858073368633056,True,0.36466998568939496,True,1.4396063996001671,0.6681908927820058,0.993991411047854,True,True,True,self_model,3,5,0.009278320882299497,0.005275357032545614,0.035967316109820076,3,0.5764993705148775,0.959081055403312,0.04091894459668797,0.0,0
63,self_world_B,0.8241603764046814,0.5609613463446641,0.9118453321614535,True,True,0.8846911885676281,True,0.36473191203007777,True,1.4406891907039088,0.664945247555385,0.9939937310716488,True,True,True,self_model,2,5,0.0053955688119964795,0.0011038114201471667,0.0222042480212906,3,0.5751538224041416,0.9588706902683668,0.041129309731633326,0.0,0
64,self_world_C,0.5179812717735395,0.5432094042733896,0.3318445259914171,True,True,0.8493792718676593,True,0.2117674793242159,True,1.438165980325463,0.6490223605239228,0.993963082068645,True,True,True,self_model,3,5,0.009844872289101895,0.01166342963690523,0.11,3,0.5568828968309569,0.9567665290706489,0.043233470929351,0.0,0
65,self_world_C,0.49108045518307597,0.5327711369128475,0.284754052951259,True,True,0.8369433249647885,True,0.21282003509341074,True,1.4377662172511094,0.6465639113848936,0.9940048777485282,True,True,False,self_model,0,5,0.012995853191609962,0.014673727429486787,0.11,3,0.5460926524419595,0.9553988401550826,0.04460115984491732,0.0,0
66,self_world_C,0.48528814928363817,0.5272637340909931,0.2761372104495181,True,True,0.8297780781025342,True,0.21345253620693105,True,1.4387803206603496,0.6469627475886368,0.9940959587877177,True,True,False,self_model,0,5,0.0020940469982440525,0.0037763536461687675,0.018321237803856312,3,0.540340018577648,0.9546290277084,0.045370972291600066,0.0,0
67,self_world_C,0.5073401246297802,0.5276619548381508,0.31855695479565965,True,True,0.8260224250228387,True,0.21379005004255547,True,1.4377185388726128,0.6514835182715443,0.9942577066833832,True,True,True,self_model,4,5,0.013494435722634342,0.014572600114178484,0.0977741199127146,3,0.5407377372334153,0.9547473746119822,0.04525262538801787,0.0,0
68,self_world_C,0.4704695086568881,0.5240079623381306,0.2493797838955258,True,True,0.8263449501865704,True,0.21378351239997367,True,1.440409407597098,0.649734538426031,0.9942598452232206,True,True,True,self_model,4,5,0.014721753602767396,0.017923904496536594,0.10999999999999999,3,0.5368749171731432,0.9541852277514896,0.04581477224851026,0.0,0
69,self_world_C,0.47624943360069383,0.5247854545137433,0.25966206798249675,True,True,0.8238237190999269,True,0.21400051456384997,True,1.4384253068957367,0.6487443181295244,0.9942693438998016,True,True,True,self_model,4,5,0.020951859456793415,0.02213435382930381,0.07877672851739113,3,0.5375844300722475,0.9543793463134433,0.045620653686556725,0.0,0
70,self_world_C,0.4961086186741773,0.5278330383657971,0.2960585114368208,True,True,0.8243964177853268,True,0.21398001915880394,True,1.437935854334884,0.6502792760921567,0.9942688739563157,True,True,True,self_model,3,5,0.011232041119233422,0.011717429581830089,0.0778512768743995,3,0.540742645828418,0.9548055018375251,0.0451944981624749,0.0,0
71,self_world_C,0.4931941366072285,0.5250806732129173,0.2910221447893936,True,True,0.8264446554139494,True,0.21379077290437934,True,1.4377379730622821,0.6326773716824342,0.9942686987534306,True,True,True,self_model,4,5,0.004233840765464408,0.0033408752081500646,0.09721364091294155,3,0.5377958642519848,0.954449246058242,0.04555075394175789,0.0,0
72,self_world_A,0.7208857692411171,0.5596991635757811,0.7122231530990503,True,True,0.9340251392167543,True,0.6034510227923869,True,1.4396793782573336,0.6605689154051437,0.9942520584069938,True,True,True,self_model,4,5,0.025707577517358526,0.03127741422611592,0.09672243789047899,3,0.5729707303540951,0.9588520962219926,0.041147903778007346,0.0,0
73,self_world_A,0.7321450392128774,0.5840400290238504,0.7222087935139919,True,True,0.9372977015475613,True,0.6069715363968936,True,1.4426139692798423,0.6725961518359028,0.9942537702400549,True,True,True,self_model,4,5,0.0036592899202634913,0.013958779472853127,0.05456267862981711,3,0.5976732602691025,0.9617331110755456,0.03826688892445457,0.0,0
74,self_world_A,0.7061157853033324,0.6007717594441317,0.6641270259551931,True,True,0.9409422221784577,True,0.6093868073979583,True,1.4444167173570766,0.6677967697069299,0.9943325968388369,True,True,True,self_model,4,5,0.0141545432925405,0.019974292543657,0.09683449502010832,3,0.6146581698993554,0.963594172141474,0.036405827858526016,0.0,0
75,self_world_A,0.7418200029188621,0.6119646671441514,0.7268793719079164,True,True,0.9440647072494636,True,0.6110152384368788,True,1.4467621998226754,0.6609212444929514,0.9943159735781368,True,True,True,self_model,3,5,0.006541312061077757,0.0063421387735826075,0.09132088951152258,3,0.6260100842447992,0.964781662556899,0.03521833744310092,0.0,0
76,self_world_A,0.6979330927102296,0.6189539095550036,0.6394510954851186,True,True,0.9464280696742816,True,0.6120884969401772,True,1.4460381365390984,0.6609600028961774,0.9943116469404224,True,True,True,self_model,1,5,0.00808807286650258,0.004372506798578679,0.10999999999999999,3,0.6331038764549216,0.9655162930223603,0.03448370697763983,0.0,0
77,self_world_A,0.7315340473769508,0.6232171615704457,0.7016081068992744,True,True,0.9480307841567172,True,0.612757191702526,True,1.4467564834004978,0.6557845031346866,0.9942913424004042,True,True,True,self_model,1,5,0.010558925245268304,0.010121712638053126,0.10241986300034159,3,0.637347970532657,0.9659334176473935,0.03406658235260662,0.0,0
78,self_world_A,0.7120742827260433,0.6259175277765993,0.6625837400133994,True,True,0.9490270046755039,True,0.6131512713551543,True,1.4467151516157306,0.6527792181822163,0.9942821841740763,True,True,True,self_model,2,5,0.008712279217841637,0.0034961034560576716,0.04824778221457986,3,0.6400606193524233,0.9661959567716664,0.033804043228333726,0.0,0
79,self_world_A,0.7422663138630212,0.6272878678968405,0.7190251410624743,True,True,0.949675971483564,True,0.6134020653451484,True,1.447092538702228,0.6494209304581479,0.9943684769231178,True,True,True,self_model,3,5,0.010939000260497857,0.007184527788899495,0.10999999999999999,3,0.6414754746520827,0.9662589598402269,0.03374104015977309,0.0,0
80,self_world_A,0.7427239109693784,0.627921804762782,0.719015634918583,True,True,0.9499420674900013,True,0.6135131020251782,True,1.4469732176465575,0.6490442387134008,0.9943348046603683,True,True,True,self_model,4,5,0.010498511585700926,0.005777790373448181,0.06459594561827321,3,0.6420597765490067,0.966283744292085,0.033716255707915165,0.0,0
