recording,kappa,states,chart_valid,chart_invalid,rest_after,minimum_after_energy,maximum_after_energy,energy_increases,energy_decreases,work_residual
len1_cond1_1.csv,-0.05,300,300,0,0,0.0825624093331859,0.23776448183004464,161,139,1.5543122344752192e-15
len1_cond1_1.csv,0.0,300,300,0,0,0.0941195544951722,0.21007163313145188,0,0,0.0
len1_cond1_1.csv,0.05,300,300,0,0,0.07865145423615003,0.2254206820402479,160,140,1.5543122344752192e-15
len1_cond2_1.csv,-0.05,300,300,0,0,0.006690906102331997,0.07348285922950652,178,122,7.771561172376096e-16
len1_cond2_1.csv,0.0,300,300,0,0,0.01213008640704625,0.05607631114106626,0,0,0.0
len1_cond2_1.csv,0.05,300,300,0,0,0.00773676403515577,0.06993698181905271,180,120,4.440892098500626e-16
len1_cond3_1.csv,-0.05,300,300,0,0,0.0005652119688505616,0.034991383572574995,173,127,3.3306690738754696e-16
len1_cond3_1.csv,0.0,300,300,0,0,0.003097160839983332,0.024608696868613247,0,0,0.0
len1_cond3_1.csv,0.05,300,300,0,0,0.0006317108328155339,0.03316963781357104,172,128,2.7755575615628914e-16
len2_cond1_1.csv,-0.05,300,300,0,0,0.010272900001262653,0.04664055207772782,162,138,3.885780586188048e-16
len2_cond1_1.csv,0.0,300,300,0,0,0.016801198763455406,0.034728577694974005,0,0,0.0
len2_cond1_1.csv,0.05,300,300,0,0,0.010733059702353984,0.04861135169896487,166,134,3.3306690738754696e-16
len2_cond2_1.csv,-0.05,300,300,0,0,0.005903475564099284,0.05859484664411323,164,136,2.220446049250313e-16
len2_cond2_1.csv,0.0,300,300,0,0,0.012440720517665309,0.04784661206853814,0,0,0.0
len2_cond2_1.csv,0.05,300,300,0,0,0.007906204223674381,0.06133622258395179,165,135,2.7755575615628914e-16
len2_cond3_1.csv,-0.05,300,300,0,0,0.0004053405195332598,0.025621641042810478,178,122,1.6653345369377348e-16
len2_cond3_1.csv,0.0,300,300,0,0,0.0023776987988043986,0.01673905414110694,0,0,0.0
len2_cond3_1.csv,0.05,300,300,0,0,0.0005678351435568694,0.025921594795024486,173,127,1.6653345369377348e-16
len3_cond1_1.csv,-0.05,300,300,0,0,0.03361838711665641,0.09889792391986317,164,136,5.551115123125783e-16
len3_cond1_1.csv,0.0,300,300,0,0,0.04555417717840365,0.07791535499573327,0,0,0.0
len3_cond1_1.csv,0.05,300,300,0,0,0.034989793353602035,0.09050092314354813,159,141,5.551115123125783e-16
len3_cond2_1.csv,-0.05,300,300,0,0,0.0036557580695913906,0.049220304933921745,168,132,2.220446049250313e-16
len3_cond2_1.csv,0.0,300,300,0,0,0.007554967864806429,0.036389360647327736,0,0,0.0
len3_cond2_1.csv,0.05,300,300,0,0,0.0043109881165826845,0.04583345388490869,171,129,1.3877787807814457e-16
len3_cond3_1.csv,-0.05,300,300,0,0,0.001278027296152274,0.03748772731888993,180,120,1.942890293094024e-16
len3_cond3_1.csv,0.0,300,300,0,0,0.0035530246334617628,0.02525006061483005,0,0,0.0
len3_cond3_1.csv,0.05,300,300,0,0,0.0011935284861872369,0.03429169455771463,176,124,1.942890293094024e-16
len4_cond1_1.csv,-0.05,300,300,0,0,0.08853895360277765,0.21310353063376283,161,139,7.216449660063518e-16
len4_cond1_1.csv,0.0,300,300,0,0,0.09935769697133436,0.18891484935064168,0,0,0.0
len4_cond1_1.csv,0.05,300,300,0,0,0.0841338749431884,0.21060272632687893,160,140,7.216449660063518e-16
len4_cond2_1.csv,-0.05,300,300,0,0,0.006168523706272579,0.05760337524240211,170,130,2.220446049250313e-16
len4_cond2_1.csv,0.0,300,300,0,0,0.00951928130316223,0.044848388842245256,0,0,0.0
len4_cond2_1.csv,0.05,300,300,0,0,0.0047103738924263614,0.051460841173237105,175,125,2.220446049250313e-16
len4_cond3_1.csv,-0.05,300,300,0,0,0.001736913347647119,0.043110805737472765,179,121,1.3877787807814457e-16
len4_cond3_1.csv,0.0,300,300,0,0,0.005301813578424381,0.029761089264835047,0,0,0.0
len4_cond3_1.csv,0.05,300,300,0,0,0.0017096156777221822,0.04062392374881423,178,122,1.1102230246251565e-16
len5_cond1_1.csv,-0.05,300,300,0,0,0.03315195372631454,0.09453952444079665,158,142,3.885780586188048e-16
len5_cond1_1.csv,0.0,300,300,0,0,0.044137789511034496,0.0776078418714235,0,0,0.0
len5_cond1_1.csv,0.05,300,300,0,0,0.034183299759530876,0.09004731690325438,162,138,3.3306690738754696e-16
len5_cond2_1.csv,-0.05,300,300,0,0,0.00581241461951687,0.058002218763585266,161,139,2.498001805406602e-16
len5_cond2_1.csv,0.0,300,300,0,0,0.011658408123564555,0.04537087419491763,0,0,0.0
len5_cond2_1.csv,0.05,300,300,0,0,0.00581241461951687,0.05749785364970357,166,134,2.498001805406602e-16
len5_cond3_1.csv,-0.05,300,300,0,0,0.0011184105606302935,0.03050915429914056,166,134,5.551115123125783e-17
len5_cond3_1.csv,0.0,300,300,0,0,0.003891123438857058,0.019951985963375753,0,0,0.0
len5_cond3_1.csv,0.05,300,300,0,0,0.001510599768250278,0.03039915697578399,173,127,5.551115123125783e-17
