generation,environment,perspective_closure,historical_present_distance,identity_step_distance,perspective_step_distance,self_index_similarity,transverse_adaptation,identity_rho,identity_closure,identity_failure,identity_exports_this_step,identity_exports_total,identity_norm,identity_0,identity_1,identity_2,identity_3,identity_4,identity_5,identity_6,present_self_0,present_self_1,present_self_2,present_self_3,present_self_4,present_self_5,present_self_6
0,perspective_A,True,,0.0,,1.0,0.0,0.965,False,identity_initialization,0,0,0.9473778675567037,0.3567398790031017,0.17860627862049167,0.32410519562478,0.7548431931902055,0.2517477456612733,0.008971807625091298,0.008451922167250893,0.3567398790031017,0.17860627862049167,0.32410519562478,0.7548431931902055,0.2517477456612733,0.008971807625091298,0.008451922167250893
1,perspective_A,True,0.0071366746167255,0.0071366746167255,0.0071366746167255,0.999842160048059,0.0,0.0,False,identity_ablated,0,0,0.9557850082065963,0.3626168139613905,0.18629536973016758,0.3303118356743477,0.756087662000087,0.25662244602248274,0.018889671816973597,0.018485195234121066,0.3626168139613905,0.18629536973016758,0.3303118356743477,0.756087662000087,0.25662244602248274,0.018889671816973597,0.018485195234121066
2,perspective_A,True,0.007119256571518991,0.007119256571518991,0.007119256571518991,0.9993838873728944,0.0,0.0,False,identity_ablated,0,0,0.9645952516557741,0.36869808047038255,0.19394665824072282,0.3367215982542632,0.7573428096303461,0.26136540502889644,0.02868883622708751,0.028388878665808373,0.36869808047038255,0.19394665824072282,0.3367215982542632,0.7573428096303461,0.26136540502889644,0.02868883622708751,0.028388878665808373
3,perspective_A,True,0.00706838845279033,0.00706838845279033,0.00706838845279033,0.9986501109028527,0.0,0.0,False,identity_ablated,0,0,0.9736877007163891,0.37484202127517513,0.20159286850319538,0.34318568392808774,0.7585883899001472,0.26601261524216624,0.03835525897474708,0.03814337003830906,0.37484202127517513,0.20159286850319538,0.34318568392808774,0.7585883899001472,0.26601261524216624,0.03835525897474708,0.03814337003830906
4,perspective_A,True,0.007027828725611323,0.007027828725611323,0.007027828725611323,0.997662245584584,0.0,0.0,False,identity_ablated,0,0,0.9830371704398542,0.38102081428163675,0.20912774925675334,0.34965082330968156,0.7598336585309181,0.2706689061172479,0.048043572366874156,0.04772916906108235,0.38102081428163675,0.20912774925675334,0.34965082330968156,0.7598336585309181,0.2706689061172479,0.048043572366874156,0.04772916906108235
5,perspective_A,True,0.006942018317423401,0.006942018317423401,0.006942018317423401,0.9964514633869052,0.0,0.0,False,identity_ablated,0,0,0.9925895031725144,0.3872139905353349,0.21661728713928685,0.3561285126966595,0.7610605337107377,0.27524802235611595,0.057476901202989754,0.05718808218429265,0.3872139905353349,0.21661728713928685,0.3561285126966595,0.7610605337107377,0.27524802235611595,0.057476901202989754,0.05718808218429265
6,perspective_A,True,0.006861281039274627,0.006861281039274627,0.006861281039274627,0.9950395598879326,0.0,0.0,False,identity_ablated,0,0,1.002297062716023,0.3933696386797514,0.22408873452945244,0.3625579578880547,0.7622738097581943,0.2797421536338163,0.06676981835581518,0.06648648973239074,0.3933696386797514,0.22408873452945244,0.3625579578880547,0.7622738097581943,0.2797421536338163,0.06676981835581518,0.06648648973239074
7,perspective_A,True,0.0067747481304425055,0.0067747481304425055,0.0067747481304425055,0.993447738364,0.0,0.0,False,identity_ablated,0,0,1.0121055400343155,0.39945070856324605,0.23147943912717078,0.3689069029304478,0.7634639404386316,0.2841695532169525,0.07595964032247302,0.07564609404711917,0.39945070856324605,0.23147943912717078,0.3689069029304478,0.7634639404386316,0.2841695532169525,0.07595964032247302,0.07564609404711917
8,perspective_B,True,0.006305759843548475,0.006305759843548475,0.006305759843548475,0.991823246369541,0.0,0.0,False,identity_ablated,0,0,1.0216756165780092,0.40524615939557673,0.2382643258787742,0.3749285535909329,0.7648536071306832,0.2881679959351865,0.08469940356562815,0.08390162891411544,0.40524615939557673,0.2382643258787742,0.3749285535909329,0.7648536071306832,0.2881679959351865,0.08469940356562815,0.08390162891411544
9,perspective_B,True,0.006604328818084092,0.006604328818084092,0.006604328818084092,0.9899243811645327,0.0,0.0,False,identity_ablated,0,0,1.0314428349062241,0.4109390952908596,0.24523921033874607,0.38091091362545565,0.7659677543265917,0.2925616405414502,0.09355499208571044,0.09336239342359912,0.4109390952908596,0.24523921033874607,0.38091091362545565,0.7659677543265917,0.2925616405414502,0.09355499208571044,0.09336239342359912
10,perspective_B,True,0.006486966640674945,0.006486966640674945,0.006486966640674945,0.9879004141243599,0.0,0.0,False,identity_ablated,0,0,1.0411629012509298,0.4164296226277047,0.2520775217892618,0.38667872665424874,0.7670552069799547,0.2968965716674685,0.1023859037882116,0.1026591621997166,0.4164296226277047,0.2520775217892618,0.38667872665424874,0.7670552069799547,0.2968965716674685,0.1023859037882116,0.1026591621997166
11,perspective_B,True,0.006332167687558073,0.006332167687558073,0.006332167687558073,0.9857877038912668,0.0,0.0,False,identity_ablated,0,0,1.0508232633375973,0.42174908796813965,0.2587860522272283,0.3922656824917992,0.7681148590095931,0.3011768075921668,0.11093700409063587,0.11180217413837315,0.42174908796813965,0.2587860522272283,0.3922656824917992,0.7681148590095931,0.3011768075921668,0.11093700409063587,0.11180217413837315
12,perspective_B,True,0.0062057101259875794,0.0062057101259875794,0.0062057101259875794,0.9835906469073729,0.0,0.0,False,identity_ablated,0,0,1.0604198408847423,0.4268931699193843,0.26536298774352796,0.39766856208102036,0.7691452190297609,0.3054072669961855,0.1193533810384217,0.1207951308237328,0.4268931699193843,0.26536298774352796,0.39766856208102036,0.7691452190297609,0.3054072669961855,0.1193533810384217,0.1207951308237328
13,perspective_B,True,0.0061519142878592925,0.0061519142878592925,0.0061519142878592925,0.9812923286665417,0.0,0.0,False,identity_ablated,0,0,1.0700285122534092,0.4319250369013732,0.27182372799251764,0.40295319954559167,0.7701529063402811,0.30957743984641967,0.12790729748631804,0.12964718374385648,0.4319250369013732,0.27182372799251764,0.40295319954559167,0.7701529063402811,0.30957743984641967,0.12790729748631804,0.12964718374385648
14,perspective_B,True,0.006000367359718258,0.006000367359718258,0.006000367359718258,0.97895632787658,0.0,0.0,False,identity_ablated,0,0,1.0795947244087158,0.43686389347241983,0.27818014515164313,0.4081392967602428,0.7711379656086639,0.3136912479381929,0.13606119290520607,0.13836263796212123,0.43686389347241983,0.27818014515164313,0.4081392967602428,0.7711379656086639,0.3136912479381929,0.13606119290520607,0.13836263796212123
15,perspective_B,True,0.0059266220253449365,0.0059266220253449365,0.0059266220253449365,0.9765550686379714,0.0,0.0,False,identity_ablated,0,0,1.08915902742742,0.4417150981186681,0.28443241530482405,0.41323258938422563,0.7721031069727091,0.317744555570016,0.14420620493316186,0.14694198645318624,0.4417150981186681,0.28443241530482405,0.41323258938422563,0.7721031069727091,0.317744555570016,0.14420620493316186,0.14694198645318624
16,perspective_C,True,0.005150498740783347,0.005150498740783347,0.005150498740783347,0.97445826352944,0.0,0.0,False,identity_ablated,0,0,1.0979046581309313,0.44614789535041616,0.28962819889743013,0.41759138793039546,0.7734142598063858,0.32120740793368224,0.15110202220421462,0.15460917066024943,0.44614789535041616,0.28962819889743013,0.41759138793039546,0.7734142598063858,0.32120740793368224,0.15110202220421462,0.15460917066024943
17,perspective_C,True,0.005755215521247488,0.005755215521247488,0.005755215521247488,0.9719727665148887,0.0,0.0,False,identity_ablated,0,0,1.1073105972678845,0.4504481772929674,0.295737893468153,0.42230817610646415,0.7743550753871086,0.3254554814757119,0.15866091812863714,0.1634250929755564,0.4504481772929674,0.295737893468153,0.42230817610646415,0.7743550753871086,0.3254554814757119,0.15866091812863714,0.1634250929755564
18,perspective_C,True,0.005658292480112619,0.005658292480112619,0.005658292480112619,0.9694620185113919,0.0,0.0,False,identity_ablated,0,0,1.1166848157144473,0.4546828059635036,0.30182299510939226,0.42695157007813667,0.7752685345521041,0.3296044069360306,0.16601218395797224,0.17211434884593124,0.4546828059635036,0.30182299510939226,0.42695157007813667,0.7752685345521041,0.3296044069360306,0.16601218395797224,0.17211434884593124
19,perspective_C,True,0.005610706755687012,0.005610706755687012,0.005610706755687012,0.96690536841048,0.0,0.0,False,identity_ablated,0,0,1.1260752775985428,0.45884986008149786,0.30789575588351703,0.4315143898500501,0.7761896618839006,0.333628202853608,0.17341071783724868,0.18068875329549397,0.45884986008149786,0.30789575588351703,0.4315143898500501,0.7761896618839006,0.333628202853608,0.17341071783724868,0.18068875329549397
20,perspective_C,True,0.005518181909426855,0.005518181909426855,0.005518181909426855,0.9643351943694757,0.0,0.0,False,identity_ablated,0,0,1.1354201879979164,0.46294157495604793,0.3138754462335595,0.43599552762232296,0.7770900698358043,0.3375975966764075,0.18067195558991192,0.18913153142633174,0.46294157495604793,0.3138754462335595,0.43599552762232296,0.7770900698358043,0.3375975966764075,0.18067195558991192,0.18913153142633174
21,perspective_C,True,0.005451390023831943,0.005451390023831943,0.005451390023831943,0.9617417183816733,0.0,0.0,False,identity_ablated,0,0,1.144738673621918,0.46696447238446653,0.3197599607851522,0.4404014603544413,0.7779737185771988,0.341506881467005,0.18792995949010494,0.1974416548062055,0.46696447238446653,0.3197599607851522,0.4404014603544413,0.7779737185771988,0.341506881467005,0.18792995949010494,0.1974416548062055
22,perspective_C,True,0.0053692813794783845,0.0053692813794783845,0.0053692813794783845,0.9591430365740802,0.0,0.0,False,identity_ablated,0,0,1.1540204354196162,0.4709314200769943,0.32555693048224776,0.44474585269359085,0.7788404266417341,0.34535884962921853,0.19507500012140544,0.20562386441294153,0.4709314200769943,0.32555693048224776,0.44474585269359085,0.7788404266417341,0.34535884962921853,0.19507500012140544,0.20562386441294153
23,perspective_C,True,0.00529795136944325,0.00529795136944325,0.00529795136944325,0.956537100190961,0.0,0.0,False,identity_ablated,0,0,1.1632675648312252,0.4748412835635143,0.3312640432415041,0.4490276002959863,0.7796907378541242,0.34915351226514474,0.2021658173530645,0.21367894400528495,0.4748412835635143,0.3312640432415041,0.4490276002959863,0.7796907378541242,0.34915351226514474,0.2021658173530645,0.21367894400528495
24,perspective_A,True,0.005329963013837616,0.005329963013837616,0.005329963013837616,0.9538899748085649,0.0,0.0,False,identity_ablated,0,0,1.1727287810317655,0.4791861243641069,0.33700309965259106,0.4535059228338425,0.780481943414861,0.3526408196901624,0.2092330698226984,0.22169495177046736,0.4791861243641069,0.33700309965259106,0.4535059228338425,0.780481943414861,0.3526408196901624,0.2092330698226984,0.22169495177046736
25,perspective_A,True,0.005309886408882102,0.005309886408882102,0.005309886408882102,0.9512322188513532,0.0,0.0,False,identity_ablated,0,0,1.182294249518851,0.4836160145904493,0.34271584411526573,0.4580752222386391,0.7812724205109982,0.35605362789915984,0.21627410206059045,0.22959293461906388,0.4836160145904493,0.34271584411526573,0.4580752222386391,0.7812724205109982,0.35605362789915984,0.21627410206059045,0.22959293461906388
26,perspective_A,True,0.0052589800345563134,0.0052589800345563134,0.0052589800345563134,0.9485744019864735,0.0,0.0,False,identity_ablated,0,0,1.1918650652793021,0.4880735724224049,0.3483791630517127,0.4626242358606333,0.782028082350177,0.3594267042203644,0.2232950514971269,0.23732075250113993,0.4880735724224049,0.3483791630517127,0.4626242358606333,0.782028082350177,0.3594267042203644,0.2232950514971269,0.23732075250113993
27,perspective_A,True,0.005186089556414479,0.005186089556414479,0.005186089556414479,0.9459396386252814,0.0,0.0,False,identity_ablated,0,0,1.2014221989645413,0.4925319612840865,0.35399303900475404,0.46717590502714346,0.7827684714572005,0.3627509212637929,0.23011989556024795,0.24493528177635182,0.4925319612840865,0.35399303900475404,0.46717590502714346,0.7827684714572005,0.3627509212637929,0.23011989556024795,0.24493528177635182
28,perspective_A,True,0.0051207734368753,0.0051207734368753,0.0051207734368753,0.9433214602506296,0.0,0.0,False,identity_ablated,0,0,1.2109501313223139,0.49696385738936033,0.35954262732382625,0.47170165619980714,0.7834938949757602,0.3660265870450723,0.23683814968720032,0.25243481661262174,0.49696385738936033,0.35954262732382625,0.47170165619980714,0.7834938949757602,0.3660265870450723,0.23683814968720032,0.25243481661262174
29,perspective_A,True,0.005065174743431502,0.005065174743431502,0.005065174743431502,0.9407129559467494,0.0,0.0,False,identity_ablated,0,0,1.2204453975604486,0.501354807883832,0.3650156251750114,0.4761868685882854,0.7842064302245836,0.36925122213746525,0.24353291123814558,0.2598182354814666,0.501354807883832,0.3650156251750114,0.4761868685882854,0.7842064302245836,0.36925122213746525,0.24353291123814558,0.2598182354814666
30,perspective_A,True,0.005020600997606278,0.005020600997606278,0.005020600997606278,0.9381033050439704,0.0,0.0,False,identity_ablated,0,0,1.2298974676833183,0.5057401246657559,0.3703886826583116,0.48060809986334024,0.7848718229644104,0.37243643617523436,0.25031339991258494,0.2670455200356505,0.5057401246657559,0.3703886826583116,0.48060809986334024,0.7848718229644104,0.37243643617523436,0.25031339991258494,0.2670455200356505
31,perspective_A,True,0.004929182464586599,0.004929182464586599,0.004929182464586599,0.9355363177948979,0.0,0.0,False,identity_ablated,0,0,1.2392711460582164,0.5100838648014895,0.3757015142115022,0.48498724557289746,0.7855189277866611,0.3755817505836924,0.2568548494780762,0.2741662218242752,0.5100838648014895,0.3757015142115022,0.48498724557289746,0.7855189277866611,0.3755817505836924,0.2568548494780762,0.2741662218242752
32,perspective_B,True,0.004824323205625858,0.004824323205625858,0.004824323205625858,0.9330050594729381,0.0,0.0,False,identity_ablated,0,0,1.2484830923575012,0.5141998595068488,0.38066400651141646,0.4892886589435259,0.7861974488703023,0.37872553814995097,0.2633871328052816,0.28122555925285253,0.5141998595068488,0.38066400651141646,0.4892886589435259,0.7861974488703023,0.37872553814995097,0.2633871328052816,0.28122555925285253
33,perspective_B,True,0.004718132881520324,0.004718132881520324,0.004718132881520324,0.930513477075489,0.0,0.0,False,identity_ablated,0,0,1.2575289839113422,0.5181771823418935,0.38551959891424725,0.4934433333799587,0.7868547602810914,0.38183388915021693,0.26977510191539106,0.28817309100456967,0.5181771823418935,0.38551959891424725,0.4934433333799587,0.7868547602810914,0.38183388915021693,0.26977510191539106,0.28817309100456967
34,perspective_B,True,0.004615474890289424,0.004615474890289424,0.004615474890289424,0.9280658428097915,0.0,0.0,False,identity_ablated,0,0,1.2664242090100204,0.522042113164653,0.3902829916911268,0.4974788672091496,0.7874902158407439,0.3849094523518706,0.2759831220651792,0.29501434220492195,0.522042113164653,0.3902829916911268,0.4974788672091496,0.7874902158407439,0.3849094523518706,0.2759831220651792,0.29501434220492195
35,perspective_B,True,0.0045347203838157985,0.0045347203838157985,0.0045347203838157985,0.9256523031709214,0.0,0.0,False,identity_ablated,0,0,1.2752073414295597,0.5258222399947504,0.3949677056327237,0.5014241550390657,0.7881081778622042,0.3879464526449068,0.28207988031607556,0.3017499872429952,0.5258222399947504,0.3949677056327237,0.5014241550390657,0.7881081778622042,0.3879464526449068,0.28207988031607556,0.3017499872429952
36,perspective_B,True,0.004461694638550948,0.004461694638550948,0.004461694638550948,0.9232693829163997,0.0,0.0,False,identity_ablated,0,0,1.283887759132105,0.5295238920938161,0.3995737689759249,0.5052862966786771,0.7887100862503151,0.3909435347714504,0.28809636919063614,0.30838096862937864,0.5295238920938161,0.3995737689759249,0.5052862966786771,0.7887100862503151,0.3909435347714504,0.28809636919063614,0.30838096862937864
37,perspective_B,True,0.00437663665677619,0.00437663665677619,0.00437663665677619,0.9209311314423132,0.0,0.0,False,identity_ablated,0,0,1.2924573149566545,0.5331622867483887,0.40411649834136265,0.5090805418633259,0.7892928519289529,0.39390725563226003,0.29392807881742017,0.31491411047374984,0.5331622867483887,0.40411649834136265,0.5090805418633259,0.7892928519289529,0.39390725563226003,0.29392807881742017,0.31491411047374984
38,perspective_B,True,0.004318781712482753,0.004318781712482753,0.004318781712482753,0.9186164195687844,0.0,0.0,False,identity_ablated,0,0,1.3009442797337483,0.536734853919247,0.40858248904169203,0.5128054961960463,0.7898638834912182,0.3968261508603771,0.2997414129568339,0.3213436247819734,0.536734853919247,0.40858248904169203,0.5128054961960463,0.7898638834912182,0.3968261508603771,0.2997414129568339,0.3213436247819734
39,perspective_B,True,0.004273766077536054,0.004273766077536054,0.004273766077536054,0.916328677855143,0.0,0.0,False,identity_ablated,0,0,1.3093990601308525,0.5402696669805206,0.4130334091815641,0.5164937375941248,0.7904284566386621,0.3997558176241845,0.30547960203594177,0.3276775266777207,0.5402696669805206,0.4130334091815641,0.5164937375941248,0.7904284566386621,0.3997558176241845,0.30547960203594177,0.3276775266777207
40,perspective_C,True,0.004115945132560082,0.004115945132560082,0.004115945132560082,0.9141233100622002,0.0,0.0,False,identity_ablated,0,0,1.3175645765969608,0.5433885733874324,0.4175289153496933,0.5199456916619805,0.7910165857733669,0.4027618614132986,0.31088121059800244,0.3338560637514526,0.5433885733874324,0.4175289153496933,0.5199456916619805,0.7910165857733669,0.4027618614132986,0.31088121059800244,0.3338560637514526
41,perspective_C,True,0.004055315875661263,0.004055315875661263,0.004055315875661263,0.9119364399564613,0.0,0.0,False,identity_ablated,0,0,1.325605045864156,0.546406360503928,0.42196934266311364,0.523267995386735,0.791564928213984,0.40576807279486493,0.3162747913300186,0.3399246939674355,0.546406360503928,0.42196934266311364,0.523267995386735,0.791564928213984,0.40576807279486493,0.3162747913300186,0.3399246939674355
42,perspective_C,True,0.0039992906936350955,0.0039992906936350955,0.0039992906936350955,0.9097682195957636,0.0,0.0,False,identity_ablated,0,0,1.3335358537745245,0.5493298780383564,0.42631804876496027,0.526490402080571,0.7920988018365466,0.40873305105985624,0.3216951047454665,0.3458964829164962,0.5493298780383564,0.42631804876496027,0.526490402080571,0.7920988018365466,0.40873305105985624,0.3216951047454665,0.3458964829164962
43,perspective_C,True,0.00391393827898985,0.00391393827898985,0.00391393827898985,0.907650263877085,0.0,0.0,False,identity_ablated,0,0,1.3413379838566633,0.552190688151675,0.4306122157516797,0.5296455266925546,0.7926104486527719,0.411674203154556,0.3268983234666886,0.35178442235752017,0.552190688151675,0.4306122157516797,0.5296455266925546,0.7926104486527719,0.411674203154556,0.3268983234666886,0.35178442235752017
44,perspective_C,True,0.0038678764934841005,0.0038678764934841005,0.0038678764934841005,0.905551424430478,0.0,0.0,False,identity_ablated,0,0,1.3490629253942554,0.5549950565889054,0.43482999803781663,0.5327395047702828,0.7931126429253447,0.41456862755720203,0.33212309659555606,0.35757823491345503,0.5549950565889054,0.43482999803781663,0.5327395047702828,0.7931126429253447,0.41456862755720203,0.33212309659555606,0.35757823491345503
45,perspective_C,True,0.003789808884474195,0.003789808884474195,0.003789808884474195,0.9034963191468288,0.0,0.0,False,identity_ablated,0,0,1.3566596920315042,0.557730042674135,0.43898406705677623,0.535760089833995,0.7935936725071218,0.41743868091686187,0.33718187417347667,0.36328948354307744,0.557730042674135,0.43898406705677623,0.535760089833995,0.7935936725071218,0.41743868091686187,0.33718187417347667,0.36328948354307744
46,perspective_C,True,0.0037370195854707485,0.0037370195854707485,0.0037370195854707485,0.9014692377952597,0.0,0.0,False,identity_ablated,0,0,1.3641743285629748,0.5604199258154403,0.44307242948438225,0.5387316600553428,0.7940637353403106,0.42026758108027085,0.34219483587126115,0.3689129503791554,0.5604199258154403,0.44307242948438225,0.5387316600553428,0.7940637353403106,0.42026758108027085,0.34219483587126115,0.3689129503791554
47,perspective_C,True,0.0036822723933652335,0.0036822723933652335,0.0036822723933652335,0.8994721416183271,0.0,0.0,False,identity_ablated,0,0,1.371602428508196,0.5630641726429778,0.4470970898738163,0.5416538398394406,0.7945218479707303,0.42305803274743714,0.3471465495360286,0.37445090006473225,0.5630641726429778,0.4470970898738163,0.5416538398394406,0.7945218479707303,0.42305803274743714,0.3471465495360286,0.37445090006473225
48,perspective_A,True,0.0037405960109912705,0.0037405960109912705,0.0037405960109912705,0.8974573100266663,0.0,0.0,False,identity_ablated,0,0,1.379221103540139,0.5662509589663492,0.4511659754357016,0.5447091424682854,0.7948877682292548,0.42559245045923677,0.35216903975742275,0.3799386609819236,0.5662509589663492,0.4511659754357016,0.5447091424682854,0.7948877682292548,0.42559245045923677,0.35216903975742275,0.3799386609819236
49,perspective_A,True,0.003755853146500338,0.003755853146500338,0.003755853146500338,0.8954454902455077,0.0,0.0,False,identity_ablated,0,0,1.3869177817765919,0.5695054441535595,0.45519097927983754,0.5478532968250979,0.7952742617516088,0.42804667770659605,0.35734546529487016,0.3853330102141065,0.5695054441535595,0.45519097927983754,0.5478532968250979,0.7952742617516088,0.42804667770659605,0.35734546529487016,0.3853330102141065
50,perspective_A,True,0.0037134514047045216,0.0037134514047045216,0.0037134514047045216,0.8934751701937398,0.0,0.0,False,identity_ablated,0,0,1.3945903664892387,0.5727924657126109,0.4591895685304815,0.551040494808114,0.7956564217680067,0.43045904117140915,0.3623792201794861,0.39065018612193997,0.5727924657126109,0.4591895685304815,0.551040494808114,0.7956564217680067,0.43045904117140915,0.3623792201794861,0.39065018612193997
51,perspective_A,True,0.0036946544741394893,0.0036946544741394893,0.0036946544741394893,0.8915206389171388,0.0,0.0,False,identity_ablated,0,0,1.4022514385369098,0.5760804727543085,0.4631350939206002,0.5542386808954329,0.7960402446578811,0.4328204995711077,0.36746264341677687,0.3958829434285405,0.5760804727543085,0.4631350939206002,0.5542386808954329,0.7960402446578811,0.4328204995711077,0.36746264341677687,0.3958829434285405
52,perspective_A,True,0.0036084266721084484,0.0036084266721084484,0.0036084266721084484,0.8896325970703699,0.0,0.0,False,identity_ablated,0,0,1.4097959305521466,0.5793451420955862,0.4670791340258772,0.5574079712053086,0.7964074674736801,0.4351667325584824,0.3722671272466169,0.40099807346686983,0.5793451420955862,0.4670791340258772,0.5574079712053086,0.7964074674736801,0.4351667325584824,0.3722671272466169,0.40099807346686983
53,perspective_A,True,0.003584374575566775,0.003584374575566775,0.003584374575566775,0.887753445083189,0.0,0.0,False,identity_ablated,0,0,1.4172871004385403,0.5826266788767146,0.47101308055600616,0.5605278626963134,0.7967597437289374,0.43736723944120665,0.37716593254242464,0.4059972157328152,0.5826266788767146,0.47101308055600616,0.5605278626963134,0.7967597437289374,0.43736723944120665,0.37716593254242464,0.4059972157328152
54,perspective_A,True,0.0035246901991882644,0.0035246901991882644,0.0035246901991882644,0.8859149426015702,0.0,0.0,False,identity_ablated,0,0,1.4246865913999538,0.5858745836635847,0.47489470405303635,0.563618305004602,0.7970994861435169,0.4395416685669763,0.3819278029755767,0.4109245263491919,0.5858745836635847,0.47489470405303635,0.563618305004602,0.7970994861435169,0.4395416685669763,0.3819278029755767,0.4109245263491919
55,perspective_A,True,0.0034764262190197463,0.0034764262190197463,0.0034764262190197463,0.8841081404862053,0.0,0.0,False,identity_ablated,0,0,1.4320094542593815,0.5890883086346315,0.4787218477883865,0.5666795818850618,0.7974306486566476,0.4416850178273708,0.3866167932738245,0.4157786026377786,0.5890883086346315,0.4787218477883865,0.5666795818850618,0.7974306486566476,0.4416850178273708,0.3866167932738245,0.4157786026377786
56,perspective_B,True,0.0034048331426458677,0.0034048331426458677,0.0034048331426458677,0.8823373893430573,0.0,0.0,False,identity_ablated,0,0,1.439194699963819,0.5920662583172528,0.4821175720284083,0.5697292561460574,0.7978190891283341,0.44394816326823094,0.3913549186073395,0.42064974579082964,0.5920662583172528,0.4821175720284083,0.5697292561460574,0.7978190891283341,0.44394816326823094,0.3913549186073395,0.42064974579082964
57,perspective_B,True,0.003313743326605627,0.003313743326605627,0.003313743326605627,0.8806127154303203,0.0,0.0,False,identity_ablated,0,0,1.4461976971888797,0.5948777585241077,0.48546143501833516,0.5726733844900544,0.798197530163693,0.4462096624028233,0.39589328106515176,0.4254724099172647,0.5948777585241077,0.48546143501833516,0.5726733844900544,0.798197530163693,0.4462096624028233,0.39589328106515176,0.4254724099172647
58,perspective_B,True,0.003226958300110129,0.003226958300110129,0.003226958300110129,0.8789371402216299,0.0,0.0,False,identity_ablated,0,0,1.4530341321749392,0.5976020057461906,0.48875343858249526,0.5755234216654023,0.7985505717208784,0.4484655413052068,0.4002114303909454,0.43023174340390363,0.5976020057461906,0.48875343858249526,0.5755234216654023,0.7985505717208784,0.4484655413052068,0.4002114303909454,0.43023174340390363
59,perspective_B,True,0.003164461743914261,0.003164461743914261,0.003164461743914261,0.8772940810451999,0.0,0.0,False,identity_ablated,0,0,1.4597447942125041,0.6002520428140382,0.4919874676536638,0.5782943483774957,0.7988874169816861,0.45070104356101204,0.404434621203544,0.4349211757637847,0.6002520428140382,0.4919874676536638,0.5782943483774957,0.7988874169816861,0.45070104356101204,0.404434621203544,0.4349211757637847
60,perspective_B,True,0.0031391062597226392,0.0031391062597226392,0.0031391062597226392,0.875647315409555,0.0,0.0,False,identity_ablated,0,0,1.466372335781716,0.6028563672124557,0.4953461023554562,0.5810265850150639,0.7991776282152105,0.45272707229567266,0.4086956859271751,0.4395151043135289,0.6028563672124557,0.4953461023554562,0.5810265850150639,0.7991776282152105,0.45272707229567266,0.4086956859271751,0.4395151043135289
61,perspective_B,True,0.00311809492020052,0.00311809492020052,0.00311809492020052,0.8740058905617193,0.0,0.0,False,identity_ablated,0,0,1.472946956380245,0.6054088332691401,0.49863180057204914,0.5837050713519555,0.7994720593541285,0.45470669099678374,0.41307937153232427,0.4440262180717436,0.6054088332691401,0.49863180057204914,0.5837050713519555,0.7994720593541285,0.45470669099678374,0.41307937153232427,0.4440262180717436
62,perspective_B,True,0.003066667614189073,0.003066667614189073,0.003066667614189073,0.8723939169712892,0.0,0.0,False,identity_ablated,0,0,1.4794249047717212,0.6079117992673891,0.5018684367653088,0.5863305781642886,0.799755535124017,0.4566627162659081,0.41738605711280724,0.4484695590533912,0.6079117992673891,0.5018684367653088,0.5863305781642886,0.799755535124017,0.4566627162659081,0.41738605711280724,0.4484695590533912
63,perspective_B,True,0.0029992201664568443,0.0029992201664568443,0.0029992201664568443,0.8708254214124915,0.0,0.0,False,identity_ablated,0,0,1.485785533583019,0.6103725149809153,0.5050711835065046,0.5889099192548628,0.8000202988102162,0.45860709230284985,0.4214995498604826,0.4528547639183741,0.6103725149809153,0.5050711835065046,0.5889099192548628,0.8000202988102162,0.45860709230284985,0.4214995498604826,0.4528547639183741
64,perspective_C,True,0.002864671362534388,0.002864671362534388,0.002864671362534388,0.8693297633956579,0.0,0.0,False,identity_ablated,0,0,1.4918522005056605,0.6123836686562389,0.5081905152910282,0.5912183659511508,0.8003347670271945,0.46083195447591496,0.4253544432494827,0.4571479437516422,0.6123836686562389,0.5081905152910282,0.5912183659511508,0.8003347670271945,0.46083195447591496,0.4253544432494827,0.4571479437516422
65,perspective_C,True,0.0027725380540523847,0.0027725380540523847,0.0027725380540523847,0.8678857386528667,0.0,0.0,False,identity_ablated,0,0,1.4977242014434948,0.614281123112526,0.5112321954950401,0.593411925829538,0.800630042956509,0.4630757090473043,0.4289947790404003,0.46136353942595093,0.614281123112526,0.5112321954950401,0.593411925829538,0.800630042956509,0.4630757090473043,0.4289947790404003,0.46136353942595093
66,perspective_C,True,0.002740326859276147,0.002740326859276147,0.002740326859276147,0.8664744703980531,0.0,0.0,False,identity_ablated,0,0,1.5035615985796913,0.6161446910954819,0.5143530083237382,0.5955862286434643,0.8009454336562708,0.4652910437050402,0.43250640404458296,0.4655213151407912,0.6161446910954819,0.5143530083237382,0.5955862286434643,0.8009454336562708,0.4652910437050402,0.43250640404458296,0.4655213151407912
67,perspective_C,True,0.0027046011195291956,0.0027046011195291956,0.0027046011195291956,0.8650747873765553,0.0,0.0,False,identity_ablated,0,0,1.5093129844636932,0.6179481509664445,0.5174005391810026,0.5976955083476032,0.8012550833920903,0.46746894130061467,0.43606398101087535,0.46961027870642374,0.6179481509664445,0.5174005391810026,0.5976955083476032,0.8012550833920903,0.46746894130061467,0.43606398101087535,0.46961027870642374
68,perspective_C,True,0.00265549490300574,0.00265549490300574,0.00265549490300574,0.8637045946468912,0.0,0.0,False,identity_ablated,0,0,1.5149691150138536,0.6197139814879614,0.5204062913074784,0.5997636179827901,0.8015514433799094,0.46962618725775757,0.4395178861451541,0.473642745876898,0.6197139814879614,0.5204062913074784,0.5997636179827901,0.8015514433799094,0.46962618725775757,0.4395178861451541,0.473642745876898
69,perspective_C,True,0.002605649996551831,0.002605649996551831,0.002605649996551831,0.8623543582443608,0.0,0.0,False,identity_ablated,0,0,1.5205053095267016,0.6214213168227525,0.5235200213673494,0.6018019949997144,0.8017964445043657,0.4716562644407637,0.4428532428550177,0.477573998900482,0.6214213168227525,0.5235200213673494,0.6018019949997144,0.8017964445043657,0.4716562644407637,0.4428532428550177,0.477573998900482
70,perspective_C,True,0.0025934567979153302,0.0025934567979153302,0.0025934567979153302,0.8609994662461568,0.0,0.0,False,identity_ablated,0,0,1.5260025364849779,0.6230873646533925,0.5265422953907299,0.6037929194745844,0.8020509013728432,0.4736291958355062,0.4463732423781291,0.48142898113112526,0.6230873646533925,0.5265422953907299,0.6037929194745844,0.8020509013728432,0.4736291958355062,0.4463732423781291,0.48142898113112526
71,perspective_C,True,0.002575039908249215,0.002575039908249215,0.002575039908249215,0.8596689954695415,0.0,0.0,False,identity_ablated,0,0,1.5314886148815525,0.6247194170721497,0.5296796604498547,0.6058035534481158,0.802333463727356,0.47551274525109893,0.4497649005800182,0.4852676742515266,0.6247194170721497,0.5296796604498547,0.6058035534481158,0.802333463727356,0.47551274525109893,0.4497649005800182,0.4852676742515266
72,perspective_A,True,0.002591751198414685,0.002591751198414685,0.002591751198414685,0.8583472225007918,0.0,0.0,False,identity_ablated,0,0,1.5370681586816362,0.6269865356794834,0.5327222033434661,0.6078995653836615,0.8024383957943344,0.4772895390555809,0.4530384116679414,0.4890553091393124,0.6269865356794834,0.5327222033434661,0.6078995653836615,0.8024383957943344,0.4772895390555809,0.4530384116679414,0.4890553091393124
73,perspective_A,True,0.0026010169084088606,0.0026010169084088606,0.0026010169084088606,0.8570351398789737,0.0,0.0,False,identity_ablated,0,0,1.5427016830308944,0.6294067785988402,0.5356561610976065,0.6100352728205425,0.8025645264881277,0.47898393330952854,0.4564797049556222,0.4927432234855942,0.6294067785988402,0.5356561610976065,0.6100352728205425,0.8025645264881277,0.47898393330952854,0.4564797049556222,0.4927432234855942
74,perspective_A,True,0.002622941763220601,0.002622941763220601,0.002622941763220601,0.8557152398720741,0.0,0.0,False,identity_ablated,0,0,1.5483885509844804,0.6318496841717601,0.5385308081263092,0.612218782791893,0.8027178632973474,0.4806102951348088,0.46014194442595446,0.49635972767860403,0.6318496841717601,0.5385308081263092,0.612218782791893,0.8027178632973474,0.4806102951348088,0.46014194442595446,0.49635972767860403
75,perspective_A,True,0.002601766910152434,0.002601766910152434,0.002601766910152434,0.8544185225219513,0.0,0.0,False,identity_ablated,0,0,1.5540538881518027,0.6343076811899805,0.5413751362671537,0.6144318910324069,0.8028743508109679,0.4822024063843796,0.4637620800919318,0.4999220090503836,0.6343076811899805,0.5413751362671537,0.6144318910324069,0.8028743508109679,0.4822024063843796,0.4637620800919318,0.4999220090503836
76,perspective_A,True,0.0025885159487235407,0.0025885159487235407,0.0025885159487235407,0.8531336414538442,0.0,0.0,False,identity_ablated,0,0,1.5596984585746134,0.6367605990149773,0.5441726220683538,0.6166530377090657,0.8030355994132615,0.4837583406326634,0.46742143138367126,0.5034275609500363,0.6367605990149773,0.5441726220683538,0.6166530377090657,0.8030355994132615,0.4837583406326634,0.46742143138367126,0.5034275609500363
77,perspective_A,True,0.0025374945879980304,0.0025374945879980304,0.0025374945879980304,0.8518881947067939,0.0,0.0,False,identity_ablated,0,0,1.5652618064335484,0.6392063319553202,0.5469442434330366,0.6188736540805274,0.8031864837328043,0.48529982910222597,0.4709004481351769,0.5068880536141018,0.6392063319553202,0.5469442434330366,0.6188736540805274,0.8031864837328043,0.48529982910222597,0.4709004481351769,0.5068880536141018
78,perspective_A,True,0.002495448202499054,0.002495448202499054,0.002495448202499054,0.8506726874612158,0.0,0.0,False,identity_ablated,0,0,1.570751299024062,0.6416346391282245,0.5496793471545048,0.6210833767404397,0.8033293457993671,0.48682397967164504,0.47426714195355585,0.5103016174405973,0.6416346391282245,0.5496793471545048,0.6210833767404397,0.8033293457993671,0.48682397967164504,0.47426714195355585,0.5103016174405973
79,perspective_A,True,0.0024544857409050684,0.0024544857409050684,0.0024544857409050684,0.8494851459239696,0.0,0.0,False,identity_ablated,0,0,1.5761658687568196,0.6440410762707522,0.5523780900809055,0.6232768539795893,0.8034641922787256,0.48833121051059625,0.4775321471462169,0.5136684882401317,0.6440410762707522,0.5523780900809055,0.6232768539795893,0.8034641922787256,0.48833121051059625,0.4775321471462169,0.5136684882401317
80,perspective_B,True,0.0023944265990539114,0.0023944265990539114,0.0023944265990539114,0.8483121994233916,0.0,0.0,False,identity_ablated,0,0,1.5814248185929598,0.6462267384987748,0.5547475609374386,0.6254735276388026,0.8036416777753729,0.48979048948027265,0.4809410043382099,0.5170053671590453,0.6462267384987748,0.5547475609374386,0.6254735276388026,0.8036416777753729,0.48979048948027265,0.4809410043382099,0.5170053671590453
81,perspective_B,True,0.002331352244492161,0.002331352244492161,0.002331352244492161,0.8471602754868118,0.0,0.0,False,identity_ablated,0,0,1.5865374600208113,0.6482292785920317,0.5571270716298466,0.6275948971330623,0.8038128947028012,0.4912359193651798,0.4841897641960402,0.5203521496619067,0.6482292785920317,0.5571270716298466,0.6275948971330623,0.8038128947028012,0.4912359193651798,0.4841897641960402,0.5203521496619067
82,perspective_B,True,0.002274994652033672,0.002274994652033672,0.002274994652033672,0.8460324359142201,0.0,0.0,False,identity_ablated,0,0,1.5915221680004605,0.6501554441134081,0.5594578267264748,0.6296344293835838,0.8039675288590463,0.49267687956654166,0.4873410731690949,0.5236530516087261,0.6501554441134081,0.5594578267264748,0.6296344293835838,0.8039675288590463,0.49267687956654166,0.4873410731690949,0.5236530516087261
83,perspective_B,True,0.002225935606603216,0.002225935606603216,0.002225935606603216,0.8449294819827723,0.0,0.0,False,identity_ablated,0,0,1.5964023937449405,0.652029646202398,0.5617537076408289,0.6316176444138629,0.8041085227038349,0.4941097820904499,0.4903893933617123,0.5269090208760264,0.652029646202398,0.5617537076408289,0.6316176444138629,0.8041085227038349,0.4941097820904499,0.4903893933617123,0.5269090208760264
84,perspective_B,True,0.002240256937829049,0.002240256937829049,0.002240256937829049,0.8438088159556001,0.0,0.0,False,identity_ablated,0,0,1.6012867904610686,0.6538619068805163,0.5641958022555694,0.6335666471695689,0.8042709605745014,0.49534072180937955,0.49356198575140997,0.5301346525763501,0.6538619068805163,0.5641958022555694,0.6335666471695689,0.8042709605745014,0.49534072180937955,0.49356198575140997,0.5301346525763501
85,perspective_B,True,0.002202434931889111,0.002202434931889111,0.002202434931889111,0.8427069265167317,0.0,0.0,False,identity_ablated,0,0,1.6060896236126025,0.655652366714686,0.566595169479238,0.6354709790059746,0.8044260774458487,0.4965576228313239,0.49668696354764486,0.5333119867736847,0.655652366714686,0.566595169479238,0.6354709790059746,0.8044260774458487,0.4965576228313239,0.49668696354764486,0.5333119867736847
86,perspective_B,True,0.0021537012527389474,0.0021537012527389474,0.0021537012527389474,0.8416331184418181,0.0,0.0,False,identity_ablated,0,0,1.6107963880225773,0.657407461493332,0.5689666881127902,0.6373367324157013,0.8045664158641391,0.49777060065319245,0.4996782395979586,0.5364496239464549,0.657407461493332,0.5689666881127902,0.6373367324157013,0.8045664158641391,0.49777060065319245,0.4996782395979586,0.5364496239464549
87,perspective_B,True,0.00212809460176227,0.00212809460176227,0.00212809460176227,0.8405715642216293,0.0,0.0,False,identity_ablated,0,0,1.615445817237793,0.6591309743574204,0.5712910414438621,0.6391692745048457,0.804706949275207,0.498960410485542,0.5026811113667325,0.5395346758087478,0.6591309743574204,0.5712910414438621,0.6391692745048457,0.804706949275207,0.498960410485542,0.5026811113667325,0.5395346758087478
88,perspective_C,True,0.002083355489841084,0.002083355489841084,0.002083355489841084,0.8395198711856074,0.0,0.0,False,identity_ablated,0,0,1.619953027014225,0.6604187191878874,0.5737290279613316,0.6407977533922978,0.8049017715800144,0.5003629363330284,0.5056988690182337,0.5425374555972455,0.6604187191878874,0.5737290279613316,0.6407977533922978,0.8049017715800144,0.5003629363330284,0.5056988690182337,0.5425374555972455
89,perspective_C,True,0.002024364891756838,0.002024364891756838,0.002024364891756838,0.8385158296976031,0.0,0.0,False,identity_ablated,0,0,1.6243538868026473,0.6615789784558044,0.5762519444903695,0.6423975148324556,0.8051381629849492,0.5017281004854742,0.5084794146165463,0.5454980026031893,0.6615789784558044,0.5762519444903695,0.6423975148324556,0.8051381629849492,0.5017281004854742,0.5084794146165463,0.5454980026031893
90,perspective_C,True,0.001980932211841316,0.001980932211841316,0.001980932211841316,0.8375313984289084,0.0,0.0,False,identity_ablated,0,0,1.6286524833737914,0.6626856884308819,0.5787351605248839,0.6439389382110126,0.8053585739916628,0.5030893199839555,0.5111725823079434,0.5484215005716331,0.6626856884308819,0.5787351605248839,0.6439389382110126,0.8053585739916628,0.5030893199839555,0.5111725823079434,0.5484215005716331
91,perspective_C,True,0.0019539819338652833,0.0019539819338652833,0.0019539819338652833,0.8365568936034428,0.0,0.0,False,identity_ablated,0,0,1.6328851391338188,0.6637569528165587,0.5811663854464331,0.6454382223058841,0.8055740325526842,0.5044295656879955,0.513874038922919,0.5512989046453559,0.6637569528165587,0.5811663854464331,0.6454382223058841,0.8055740325526842,0.5044295656879955,0.513874038922919,0.5512989046453559
92,perspective_C,True,0.001933637456436054,0.001933637456436054,0.001933637456436054,0.8355884731735062,0.0,0.0,False,identity_ablated,0,0,1.6370650007169474,0.6647986923461942,0.5835422684990222,0.6469007943796196,0.8057876095857961,0.5057443798283131,0.5166174823994273,0.5541278063069595,0.6647986923461942,0.5835422684990222,0.6469007943796196,0.8057876095857961,0.5057443798283131,0.5166174823994273,0.5541278063069595
93,perspective_C,True,0.0018870984573795934,0.0018870984573795934,0.0018870984573795934,0.8346510938866766,0.0,0.0,False,identity_ablated,0,0,1.641159728992172,0.6658266930333372,0.5859058856086747,0.648346219981904,0.8059854181011182,0.5070578222174118,0.519184799253768,0.5569277853676965,0.6658266930333372,0.5859058856086747,0.648346219981904,0.8059854181011182,0.5070578222174118,0.519184799253768,0.5569277853676965
94,perspective_C,True,0.0018499866629349876,0.0018499866629349876,0.0018499866629349876,0.8337354448333557,0.0,0.0,False,identity_ablated,0,0,1.6451784581677849,0.666832600356681,0.5882427470632678,0.6497654608934573,0.806170891984847,0.5083642280229664,0.521649794600065,0.5596941620697233,0.666832600356681,0.5882427470632678,0.6497654608934573,0.806170891984847,0.5083642280229664,0.521649794600065,0.5596941620697233
95,perspective_C,True,0.0018365633974058997,0.0018365633974058997,0.0018365633974058997,0.8328232203342076,0.0,0.0,False,identity_ablated,0,0,1.6491656406440938,0.6678253490995611,0.5905217085184905,0.6511634608798449,0.8063616973390679,0.5096354435966932,0.5241905517204768,0.5624088064263582,0.6678253490995611,0.5905217085184905,0.6511634608798449,0.8063616973390679,0.5096354435966932,0.5241905517204768,0.5624088064263582
96,perspective_C,True,0.0018051288178919697,0.0018051288178919697,0.0018051288178919697,0.8319265850171923,0.0,0.0,False,identity_ablated,0,0,1.6530838030814397,0.6687915756191646,0.5927616595665817,0.6525303088579893,0.8065440530167269,0.5108939119307664,0.5266816334275283,0.5650860621764977,0.6687915756191646,0.5927616595665817,0.6525303088579893,0.8065440530167269,0.5108939119307664,0.5266816334275283,0.5650860621764977
97,perspective_C,True,0.001776506235287664,0.001776506235287664,0.001776506235287664,0.831043895349183,0.0,0.0,False,identity_ablated,0,0,1.6569390994578508,0.6697341732399336,0.594960232797303,0.6538687771882549,0.8067202957573014,0.5121364823403423,0.52913908589029,0.5677250001254407,0.6697341732399336,0.594960232797303,0.6538687771882549,0.8067202957573014,0.5121364823403423,0.52913908589029,0.5677250001254407
98,perspective_C,True,0.001742601572192181,0.001742601572192181,0.001742601572192181,0.8301839000855525,0.0,0.0,False,identity_ablated,0,0,1.6607326932478683,0.6706713379706584,0.5971387922623107,0.6551978838681041,0.8068871369232924,0.5133695654787017,0.5314883758911091,0.5703323367982955,0.6706713379706584,0.5971387922623107,0.6551978838681041,0.8068871369232924,0.5133695654787017,0.5314883758911091,0.5703323367982955
99,perspective_C,True,0.0017194594358573405,0.0017194594358573405,0.0017194594358573405,0.8293336160671785,0.0,0.0,False,identity_ablated,0,0,1.6644734704458146,0.6715870240442946,0.5992702250724972,0.6565000706311188,0.8070512957073238,0.5145819076981231,0.5338413356004778,0.5728985532599511,0.6715870240442946,0.5992702250724972,0.6565000706311188,0.8070512957073238,0.5145819076981231,0.5338413356004778,0.5728985532599511
100,perspective_C,True,0.0017017581802075618,0.0017017581802075618,0.0017017581802075618,0.8284918835671891,0.0,0.0,False,identity_ablated,0,0,1.6681776304324745,0.6724947789698997,0.6013569661142733,0.6577881306126645,0.8072166213784787,0.515768180222305,0.5362147558648135,0.5754217579287284,0.6724947789698997,0.6013569661142733,0.6577881306126645,0.8072166213784787,0.515768180222305,0.5362147558648135,0.5754217579287284
101,perspective_C,True,0.001654803796091106,0.001654803796091106,0.001654803796091106,0.827683047356738,0.0,0.0,False,identity_ablated,0,0,1.6717938822167697,0.6733918030020009,0.6034443521619229,0.6590651494424535,0.8073606451978566,0.516965365599823,0.5383684172348238,0.5779285021362238,0.6733918030020009,0.6034443521619229,0.6590651494424535,0.8073606451978566,0.516965365599823,0.5383684172348238,0.5779285021362238
102,perspective_C,True,0.0016338696805308047,0.0016338696805308047,0.0016338696805308047,0.8268836949940661,0.0,0.0,False,identity_ablated,0,0,1.6753658773636713,0.6742756756265432,0.6054857944252289,0.6603234277417028,0.8075047214909501,0.5181388749081396,0.5405310534923013,0.5803942376582176,0.6742756756265432,0.6054857944252289,0.6603234277417028,0.8075047214909501,0.5181388749081396,0.5405310534923013,0.5803942376582176
103,perspective_C,True,0.001621238579901584,0.001621238579901584,0.001621238579901584,0.826088424365521,0.0,0.0,False,identity_ablated,0,0,1.6789105306899719,0.6751522010620282,0.6074741002873091,0.6615674600771074,0.8076546450730129,0.5192799277552508,0.5427562094286813,0.5828137067358039,0.6751522010620282,0.6074741002873091,0.6615674600771074,0.8076546450730129,0.5192799277552508,0.5427562094286813,0.5828137067358039
104,perspective_C,True,0.0015968734131164561,0.0015968734131164561,0.0015968734131164561,0.8253077551948725,0.0,0.0,False,identity_ablated,0,0,1.682408384812524,0.6760226908531334,0.6094307757908289,0.6628009791175206,0.8078012635969509,0.5204039315927571,0.5449401215056863,0.5851986131445952,0.6760226908531334,0.6094307757908289,0.6628009791175206,0.8078012635969509,0.5204039315927571,0.5449401215056863,0.5851986131445952
105,perspective_C,True,0.0015731391692859866,0.0015731391692859866,0.0015731391692859866,0.8245385892254101,0.0,0.0,False,identity_ablated,0,0,1.685854404697668,0.6768762699947837,0.6113490918911942,0.6640130848798007,0.8079441241774249,0.5215114767919344,0.5471030159439557,0.5875481781396289,0.6768762699947837,0.6113490918911942,0.6640130848798007,0.8079441241774249,0.5215114767919344,0.5471030159439557,0.5875481781396289
106,perspective_C,True,0.001544047264840103,0.001544047264840103,0.001544047264840103,0.8237875030802323,0.0,0.0,False,identity_ablated,0,0,1.689244083274752,0.6777214062041779,0.6132441787453977,0.6652132938081131,0.808079535830177,0.5226093057244089,0.549184925803841,0.5898686413429678,0.6777214062041779,0.6132441787453977,0.6652132938081131,0.808079535830177,0.5226093057244089,0.549184925803841,0.5898686413429678
107,perspective_C,True,0.0015279522655872824,0.0015279522655872824,0.0015279522655872824,0.8230437481600958,0.0,0.0,False,identity_ablated,0,0,1.6925996126250349,0.6785586156923734,0.615097315898173,0.6663996671243148,0.8082168903829438,0.523682420490781,0.5512891913851238,0.5921493370680339,0.6785586156923734,0.615097315898173,0.6663996671243148,0.8082168903829438,0.523682420490781,0.5512891913851238,0.5921493370680339
108,perspective_C,True,0.001508277593280485,0.001508277593280485,0.001508277593280485,0.8223104979005005,0.0,0.0,False,identity_ablated,0,0,1.6959148433525608,0.6793880703834031,0.6169163108156551,0.6675730448141681,0.8083530277450516,0.5247362735323627,0.5533824886228524,0.5943942698846914,0.6793880703834031,0.6169163108156551,0.6675730448141681,0.8083530277450516,0.5247362735323627,0.5533824886228524,0.5943942698846914
109,perspective_C,True,0.0014843597448779672,0.0014843597448779672,0.0014843597448779672,0.8215908088223414,0.0,0.0,False,identity_ablated,0,0,1.6991818350987264,0.68020818115405,0.6187061430405794,0.6687328223640895,0.8084849471058995,0.5257760739379501,0.5554331638336674,0.5966074679122552,0.68020818115405,0.6187061430405794,0.6687328223640895,0.8084849471058995,0.5257760739379501,0.5554331638336674,0.5966074679122552
110,perspective_C,True,0.0014690249545266801,0.0014690249545266801,0.0014690249545266801,0.8208783773754148,0.0,0.0,False,identity_ablated,0,0,1.7024157867425098,0.6810209969052868,0.6204569909961936,0.6698797663453174,0.8086185187091516,0.5267927916447743,0.5575017139848905,0.598783281717996,0.6810209969052868,0.6204569909961936,0.6698797663453174,0.8086185187091516,0.5267927916447743,0.5575017139848905,0.598783281717996
111,perspective_C,True,0.0014406943552729486,0.0014406943552729486,0.0014406943552729486,0.8201805486288897,0.0,0.0,False,identity_ablated,0,0,1.7055885822651282,0.6818141026903961,0.6221788523337606,0.6710038100395219,0.8087443591604525,0.527801455003412,0.55950801123959,0.6009311732036366,0.6818141026903961,0.6221788523337606,0.6710038100395219,0.8087443591604525,0.527801455003412,0.55950801123959,0.6009311732036366
112,perspective_C,True,0.0014131895859919876,0.0014131895859919876,0.0014131895859919876,0.8194980586653158,0.0,0.0,False,identity_ablated,0,0,1.7087044215187028,0.6825932061354719,0.6238748701361605,0.672110779608196,0.8088628489060082,0.5288019622525066,0.5614465618148562,0.6030519844973116,0.6825932061354719,0.6238748701361605,0.672110779608196,0.8088628489060082,0.5288019622525066,0.5614465618148562,0.6030519844973116
113,perspective_C,True,0.0013991960819330332,0.0013991960819330332,0.0013991960819330332,0.8188212465599384,0.0,0.0,False,identity_ablated,0,0,1.7117882970073497,0.6833629911077848,0.6255305864027554,0.6732029267203937,0.8089833776362559,0.5297795802210534,0.5634124353174831,0.6051358689616134,0.6833629911077848,0.6255305864027554,0.6732029267203937,0.8089833776362559,0.5297795802210534,0.5634124353174831,0.6051358689616134
114,perspective_C,True,0.0013712778119717218,0.0013712778119717218,0.0013712778119717218,0.8181620179699983,0.0,0.0,False,identity_ablated,0,0,1.7148188843742636,0.6841266839918625,0.6271675434122984,0.6742860871884182,0.809096755970738,0.5307497526386223,0.565292026876645,0.6071949402560696,0.6841266839918625,0.6271675434122984,0.6742860871884182,0.809096755970738,0.5307497526386223,0.565292026876645,0.6071949402560696
115,perspective_C,True,0.0013423806323921285,0.0013423806323921285,0.0013423806323921285,0.8175174378355121,0.0,0.0,False,identity_ablated,0,0,1.71778521207537,0.6848679793053384,0.6287786096660494,0.6753445422824371,0.8092005241061061,0.5317160393593962,0.5670983012604704,0.6092299869217296,0.6848679793053384,0.6287786096660494,0.6753445422824371,0.8092005241061061,0.5317160393593962,0.5670983012604704,0.6092299869217296
116,perspective_C,True,0.0013350838391497947,0.0013350838391497947,0.0013350838391497947,0.8168718818994446,0.0,0.0,False,identity_ablated,0,0,1.7207279946595262,0.6855944779227748,0.6303376994278926,0.6763817789262752,0.8093109730756811,0.5326527112940171,0.5689900075869988,0.6112236305476458,0.6855944779227748,0.6303376994278926,0.6763817789262752,0.8093109730756811,0.5326527112940171,0.5689900075869988,0.6112236305476458
117,perspective_C,True,0.0013082710522218045,0.0013082710522218045,0.0013082710522218045,0.8162423858893033,0.0,0.0,False,identity_ablated,0,0,1.7236180367761043,0.6863123784626588,0.6318774746309914,0.6774074280521895,0.8094145721755844,0.5335821927585056,0.5708037910633488,0.6131929674833757,0.6863123784626588,0.6318774746309914,0.6774074280521895,0.8094145721755844,0.5335821927585056,0.5708037910633488,0.6131929674833757
118,perspective_C,True,0.0012771370659635044,0.0012771370659635044,0.0012771370659635044,0.8156306029000494,0.0,0.0,False,identity_ablated,0,0,1.7264423224966823,0.6870127227058236,0.633401069224697,0.6784138986287886,0.8095062000376274,0.5345126083835673,0.5725115519557457,0.6151428987294151,0.6870127227058236,0.633401069224697,0.6784138986287886,0.8095062000376274,0.5345126083835673,0.5725115519557457,0.6151428987294151
119,perspective_C,True,0.001271276064417352,0.001271276064417352,0.001271276064417352,0.8150181589514217,0.0,0.0,False,identity_ablated,0,0,1.729249178589178,0.687704611522874,0.6348764228600958,0.6794051621255767,0.8096058574325791,0.5354123412546342,0.5743035445311521,0.6170519115091146,0.687704611522874,0.6348764228600958,0.6794051621255767,0.8096058574325791,0.5354123412546342,0.5743035445311521,0.6170519115091146
120,perspective_C,True,0.0012505557779164973,0.0012505557779164973,0.0012505557779164973,0.8144143807359449,0.0,0.0,False,identity_ablated,0,0,1.732006871468381,0.6883765364565205,0.6363184551025993,0.6803730439103195,0.8097014592419102,0.5363007608835685,0.5760762432032348,0.6189330290749842,0.6883765364565205,0.6363184551025993,0.6803730439103195,0.8097014592419102,0.5363007608835685,0.5760762432032348,0.6189330290749842
