step,w1,s1,w2,s2,w3,s3,norm,level1_common,level2_common,level3_common
0,1.0,0.0,0.0,0.0,0.0,0.0,1.0,0.7071067811865475,0.0,0.0
1,0.5649122807017544,0.2582456140350877,0.09684210526315791,0.0,0.0,0.0,0.6286454290041548,0.5820605293556633,0.0684777093359604,0.0
2,0.3951950754078178,0.2917722376115728,0.10003619575253926,0.05001809787626963,0.009378393351800556,0.0,0.5038920431055807,0.48575924548951266,0.10610440857108812,0.006631525535693007
3,0.30828716783031757,0.27172697300653914,0.09892066054332509,0.0775017263935462,0.014985685376877101,0.007265786849394958,0.4300531395178952,0.4101319321698305,0.12474946615617866,0.015734166902581094
4,0.2539071911051164,0.24062114335026685,0.09762271553530928,0.08884031961021605,0.01992164031153844,0.015479950087553047,0.37473549859391286,0.34968433878229044,0.13184927659202647,0.025032704635986162
5,0.2150286346220278,0.2101037409332333,0.0951550649923573,0.09159551115187865,0.024705597773249578,0.022492973727253448,0.3300627518319129,0.3006139856570711,0.13205259878208392,0.033374429970323805
6,0.18494570280919825,0.18309068739025847,0.09140975475392418,0.08997166068676332,0.028980224216168762,0.027956971487687103,0.292915007191361,0.26024102723345405,0.1282560288393245,0.040260677183942044
7,0.16061277886109562,0.15990463940892374,0.08673800384778736,0.08615751884398015,0.03244336291756228,0.03199029735713092,0.26151196669603677,0.2266400399471357,0.1222555965321414,0.04556147811690582
8,0.14042669390642848,0.14015331575125337,0.08154523723965872,0.08131098369027091,0.034988899022495766,0.034793743527454436,0.2346455576101382,0.1984000274943338,0.11515673817796779,0.049343779756186694
9,0.12341975545979583,0.12331323388532073,0.07615471372706219,0.07606018779373108,0.03664800285634051,0.03656546956430642,0.21143176666928887,0.1744665699083601,0.10763218906299543,0.05176974282285372
10,0.10894142014685491,0.1088995994402968,0.07078925881520726,0.07075111648142181,0.037520761819897164,0.03748629751995429,0.19119943906336323,0.15403686217066648,0.10008415918393529,0.053038000296070725
11,0.09652057089736563,0.09650405209678438,0.06558921235531105,0.06557382155622404,0.037731991907971225,0.03771772907208531,0.1734285265693862,0.13648901985514025,0.09274627071984756,0.05335100934363089
12,0.08579920143791503,0.08579264519501817,0.060635806765487306,0.06062959643934031,0.03740750111542257,0.03740163670169895,0.15771091760276837,0.12133375835046911,0.0857475889294545,0.05289804864520562
13,0.07649669608626353,0.07649408408405005,0.0559707365295564,0.05596823060806055,0.036662864587914124,0.0366604647466471,0.14372338331761408,0.10818081811744912,0.07915280274202703,0.05184742339164275
14,0.06838850872522902,0.06838746503250359,0.05161039263299433,0.051609381471641645,0.0355990306393795,0.03559805200934433,0.1312078758008579,0.09671521854748598,0.07298740222193169,0.05034393994161169
15,0.061292330413420276,0.061291912424656994,0.04755555417549988,0.04755514616301888,0.03430142946490697,0.03430103142870203,0.11995674126998238,0.08668014937742291,0.06725342117276827,0.048509265303955856
16,0.05505853770617269,0.05505837001016431,0.04379774546404107,0.04379758082742533,0.03284076965700452,0.0328406080797807,0.1098014524826524,0.07786441216951515,0.06193924922094417,0.046443747595355966
17,0.04956329255526115,0.04956322518472878,0.04032330553342202,0.04032323910110331,0.031274562962305685,0.03127449746820058,0.10060396771871721,0.07009303288935548,0.05702571859033644,0.044228864787258126
18,0.0447033919568966,0.044703364863154404,0.03711594445012122,0.03711591764409787,0.029648880292327106,0.029648853774022613,0.09225009154591822,0.06322012403135467,0.052489853066926946,0.04192982986731243
19,0.040392329213374954,0.04039231830867561,0.034158320148527536,0.03415830933206198,0.028000089233880962,0.028000078505649183,0.0846443734860917,0.05712337207860697,0.04830715197353365,0.0395980983562059
20,0.036557225498144746,0.036557221106547653,0.03143299025893895,0.0314329858944002,0.026356455371122717,0.026356451033642345,0.07770618946280985,0.05169972099687974,0.044452958043937896,0.03727365357486116
21,0.03313640459575413,0.033136402826326565,0.028922969313551202,0.028922967552421536,0.02473956014727561,0.02473955839444384,0.07136673099971665,0.04686195153642341,0.04090325422201822,0.03498702024798286
22,0.030077453828028292,0.030077453114852333,0.026612039105942377,0.026612038395311104,0.023165525033671766,0.023165524325585184,0.06556668891249569,0.04253594262095662,0.03763510612353469,0.03276099918141923
23,0.027335659280314725,0.0273356589927884,0.024484906172668536,0.024484905885922587,0.021646050526695555,0.021646050240729978,0.06025446673745276,0.038658459887319224,0.034626886180060545,0.03061213802445793
24,0.024872733531107187,0.02487273341516337,0.02252726578003989,0.022527265664335386,0.020189287168004777,0.02018928705253959,0.05538479728887119,0.035175357010999164,0.031858364707500295,0.028551963645991232
25,0.02265577478383643,0.02265577473707526,0.020725809751747006,0.02072580970505922,0.01880055893559573,0.018800558888981342,0.0509176655849207,0.03204010393230671,0.029310721209071914,0.026588005393952813
26,0.02065641091226183,0.020656410893400395,0.019068201494146446,0.019068201475307515,0.017482959550905813,0.01748295953208939,0.046817464552843656,0.029212576448735227,0.02696650914976368,0.024724638494006017
27,0.01885009249076093,0.018850092483152357,0.017543032746263846,0.017543032738662173,0.016237840949108972,0.0162378409415142,0.04305232776831436,0.026658056447041268,0.024809594829546457,0.0229637748885168
28,0.017215506672173354,0.017215506669103896,0.016139771020552782,0.016139771017485437,0.01506521119262762,0.015065211189562394,0.0395935971264412,0.02434640301674163,0.02282508306869305,0.021305425986461485
29,0.01573408963239724,0.015734089631158892,0.014848703207358515,0.014848703206120814,0.01396405693239332,0.013964056931156267,0.03641539370806018,0.02225136294885444,0.0209992374586241,0.01974815869866594
30,0.01438961977611349,0.014389619775613871,0.013660878628141537,0.013660878627642113,0.01293260338516323,0.012932603384664006,0.033494267942183714,0.020349995444418515,0.019319399829497375,0.018289463103737035
31,0.013167877366933893,0.013167877366732311,0.012568053456981677,0.012568053456780156,0.011968522821962306,0.011968522821760846,0.030808911067429605,0.01862219075984109,0.017773911651351053,0.016926047296248546
32,0.012056358967300172,0.012056358967218838,0.01156263758173302,0.011562637581651705,0.01106910080501833,0.011069100804937032,0.02833991432674915,0.01705026636433687,0.01635203888483418,0.01565407248167438
33,0.011044037231503389,0.011044037231470571,0.010637644453083303,0.010637644453050491,0.010231367881077712,0.010231367881044907,0.026069565650311422,0.015618627236122295,0.01504390105723013,0.014469339219025377
34,0.010121158320748698,0.010121158320735457,0.009786644150501992,0.00978664415048875,0.009452203129135143,0.009452203129121907,0.023981676066374465,0.014313479364118744,0.013840404887749869,0.013367433859518966
35,0.009279070598598333,0.009279070598592992,0.009003719702349935,0.009003719702344594,0.00872841485139644,0.008728414851391099,0.02206142993870479,0.013122587486751418,0.012733182514865346,0.012343842660859809
36,0.008510079390230295,0.00851007939022814,0.008283426585283858,0.008283426585281703,0.008056802764638842,0.008056802764636686,0.020295254519717084,0.012035069690533917,0.011714534219828763,0.011394039739115774
37,0.007807323504216502,0.0078073235042156325,0.007620755265361362,0.007620755265360494,0.007434205271361221,0.007434205271360352,0.018670705349865035,0.0110412227854966,0.010777375451799598,0.010513553920223979
38,0.007164669962852985,0.007164669962852635,0.007011096611002398,0.007011096611002047,0.006857534743807902,0.006857534743807551,0.017176364814939293,0.010132373431393582,0.009915187914387386,0.009698018639137595
39,0.006576623999119125,0.006576623999118984,0.00645020999432039,0.006450209994320248,0.006323803218810435,0.006323803218810294,0.015801751760286246,0.00930075085418255,0.00912197445412228,0.00894320827782025
40,0.006038251880830102,0.006038251880830046,0.0059341938948742675,0.00593419389487421,0.005830140459565475,0.005830140459565418,0.014537240504069031,0.00853937770289474,0.00839221748788277,0.008245063708457564
41,0.005545114535934272,0.0055451145359342495,0.0054594588239785516,0.005459458823978529,0.00537380597653539,0.005373805976535366,0.013373987927375583,0.007841976181630423,0.007720840712087919,0.007599709293577925
42,0.005093210293585918,0.005093210293585909,0.005022702395465689,0.00502270239546568,0.004952196300480733,0.004952196300480723,0.01230386757459631,0.007202887073207451,0.007103173847431404,0.007003463171673712
43,0.004678925336807398,0.004678925336807395,0.004620886378447847,0.004620886378447844,0.004562848555114499,0.004562848555114495,0.011319409893351642,0.006616999668644122,0.006534920186586037,0.006452842309697403
44,0.004298990694947986,0.0042989906949479845,0.004251215578090346,0.004251215578090345,0.00420344117570183,0.0042034411757018286,0.010413747894416589,0.006079690945311178,0.006012126727107144,0.0059445635193150345
45,0.003950444796456459,0.003950444796456459,0.003911118401033812,0.003911118401033812,0.003871792455350676,0.003871792455350676,0.009580567629745705,0.0055867726085549445,0.00553115668678899,0.005475541401050752
46,0.0036306007618148017,0.0036306007618148017,0.0035982289725048277,0.0035982289725048277,0.0035658574662940415,0.0035658574662940415,0.008814062979147396,0.005134444836920583,0.005088664213440133,0.005042883990322395
47,0.0033370177486417045,0.0033370177486417045,0.003310370682120363,0.003310370682120363,0.00328372379380251,0.00328372379380251,0.008108894309556209,0.00471925575800883,0.004681571115136891,0.004643886724282742
48,0.003067475770729354,0.003067475770729354,0.003045541044808335,0.003045541044808335,0.0030236064310617226,0.003023606431061722,0.007460150629790487,0.004338065837216315,0.004307045450331873,0.004276025222085998
49,0.002819953504034444,0.002819953504034444,0.0028018977720868743,0.0028018977720868743,0.002783842110750141,0.0027838421107501407,0.006863314911575503,0.003988016490667043,0.003962481829668216,0.003936947268528192
50,0.002592608668617819,0.002592608668617819,0.0025777459571580262,0.0025777459571580262,0.0025628832901458975,0.0025628832901458975,0.006314232287007799,0.0036665023410853725,0.003645483292965296,0.003624464307703708
51,0.0023837606388607082,0.0023837606388607082,0.0023715262848897894,0.0023715262848897894,0.0023592919588975056,0.0023592919588975056,0.005809080865442176,0.003371146624927967,0.0033538446356154205,0.003336542685870639
52,0.0021918749871567733,0.0021918749871567733,0.002181804184808116,0.002181804184808116,0.0021717334000712738,0.0021717334000712738,0.005344344940430932,0.003099779333863462,0.0030855370685980124,0.0030712948282394298
53,0.0020155497104830983,0.0020155497104830983,0.002007259851729032,0.002007259851729032,0.00199897000406114,0.00199897000406114,0.00491679038091476,0.0028504177362023626,0.0028386941055222044,0.002826970490520265
54,0.0018535029262703724,0.0018535029262703724,0.0018466790646643181,0.0018466790646643181,0.0018398552100367183,0.0018398552100367183,0.004523442021174047,0.0026212489762297794,0.0026115985785987402,0.0026019481908367264
55,0.0017045618550447878,0.0017045618550447878,0.001698944740166981,0.001698944740166981,0.0016933276296819274,0.0016933276296819274,0.004161562881720999,0.0024106144933081805,0.0024026706932665787,0.0023947268994372675
56,0.001567652933410933,0.001567652933410933,0.001563029161379026,0.001563029161379026,0.0015584053921122417,0.0015584053921122417,0.0038286350688248242,0.002216996039523708,0.0022104570384068635,0.002203918041200493
57,0.0014417929229202317,0.0014417929229202317,0.0014379868287364844,0.0014379868287364844,0.0014341807362933088,0.0014341807362933088,0.003522342214083491,0.002039003105727338,0.002033620475713013,0.0020282378481602287
58,0.0013260808989130292,0.0013260808989130292,0.0013229478826061263,0.0013229478826061263,0.0013198148673948674,0.0013198148673948674,0.0032405533276743193,0.001875361592046711,0.0018709308378943529,0.0018665000852914693
59,0.0012196910191050025,0.0012196910191050025,0.0012171120521037408,0.0012171120521037408,0.0012145330857921577,0.001214533085792158,0.002981307949858719,0.0017249035811229562,0.0017212563710128593,0.0017176091618781154
60,0.001121865984982796,0.001121865984982796,0.0011197430880022319,0.0011197430880022319,0.0011176201914558015,0.0011176201914558017,0.0027428024951643513,0.0015865580911277209,0.0015835558614262864,0.0015805536323388093
