recording,horizon_seconds,pairs,clock_error_fraction,angle_rmse_bound_rad,velocity_rmse_bound_rad_s,angle_target_normalized_bound,clock_fraction_for_extra_angle_nrmse_005,clock_fraction_for_max_extra_angle_001rad
len1_cond1_1.csv,0.1,299,0.01,0.003317601554944577,0.02105337187759213,0.00882505804664376,0.056656851134271456,0.02434810153665494
len1_cond1_1.csv,1.6,284,0.01,0.053386067568146185,0.33878593163765824,0.142869217740916,0.0034997041903506287,0.0015217563460409337
len1_cond1_1.csv,6.4,236,0.01,0.21734378428311035,1.3792552963376967,0.5965681413750529,0.0008381272235683435,0.00038043908651023343
len1_cond2_1.csv,0.1,299,0.01,0.0014919280680949518,0.009479626394474009,0.008978515324410697,0.055688494359485585,0.0472517741266965
len1_cond2_1.csv,1.6,284,0.01,0.024176406574215357,0.15361551725286046,0.14814467348507485,0.0033750791590247326,0.002953235882918531
len1_cond2_1.csv,6.4,236,0.01,0.1007605768804266,0.6402269952181963,0.6520822002698264,0.0007667744952907839,0.0007383089707296328
len1_cond3_1.csv,0.1,299,0.01,0.0008918352730635252,0.005684289490109826,0.008913317681115132,0.056095835230843674,0.07146884604011992
len1_cond3_1.csv,1.6,284,0.01,0.01450916020635675,0.0924770183040728,0.14906682217849765,0.003354200436373985,0.004466802877507495
len1_cond3_1.csv,6.4,236,0.01,0.06122507464873999,0.39023019033721573,0.689137406089044,0.000725544710796608,0.0011167007193768738
len2_cond1_1.csv,0.1,299,0.01,0.0011923285087853369,0.006428726079062011,0.00761205660199314,0.06568527089894209,0.07043882468109654
len2_cond1_1.csv,1.6,284,0.01,0.019166702094048284,0.10334188664762049,0.12365913297235266,0.004043373004335948,0.004402426542568534
len2_cond1_1.csv,6.4,236,0.01,0.07789107918893824,0.419968497287993,0.5124296570757827,0.0009757436812952759,0.0011006066356421334
len2_cond2_1.csv,0.1,299,0.01,0.0012457922169419639,0.006772581351699334,0.007585090510642623,0.06591879151586275,0.060079902522265166
len2_cond2_1.csv,1.6,284,0.01,0.020167279929441603,0.10963669712105721,0.12561982798147955,0.003980263371111416,0.003754993907641573
len2_cond2_1.csv,6.4,236,0.01,0.08383342026020121,0.45574908157405986,0.5499771657261469,0.0009091286532593387,0.0009387484769103932
len2_cond3_1.csv,0.1,299,0.01,0.0006933742271133612,0.003776132096765398,0.007608678694870327,0.06571443217034431,0.10152425692063563
len2_cond3_1.csv,1.6,284,0.01,0.011266116586639448,0.06135553181118586,0.12753446486391237,0.003920508864278631,0.006345266057539727
len2_cond3_1.csv,6.4,236,0.01,0.047422074371401245,0.25826171514126256,0.5788180942316415,0.000863829249608602,0.0015863165143849317
len3_cond1_1.csv,0.1,299,0.01,0.0016359447791964093,0.007829143160653354,0.0067240141425886305,0.07436034330045423,0.05303660851720577
len3_cond1_1.csv,1.6,284,0.01,0.02624620272276945,0.12560648816094397,0.10808911420593836,0.004625812725667894,0.0033147880323253606
len3_cond1_1.csv,6.4,236,0.01,0.10600765555740051,0.5073209817581966,0.4413792440515448,0.0011328126701436133,0.0008286970080813402
len3_cond2_1.csv,0.1,299,0.01,0.0009377887612173441,0.004519612627880914,0.006756304984745674,0.07400494813790905,0.07777840638694011
len3_cond2_1.csv,1.6,284,0.01,0.015185688206926288,0.07318644776036048,0.11069820928901226,0.004516784898431318,0.004861150399183757
len3_cond2_1.csv,6.4,236,0.01,0.06310200055308084,0.3041160337366794,0.4824226564360475,0.0010364355681256913,0.0012152875997959393
len3_cond3_1.csv,0.1,299,0.01,0.0007105270721119619,0.0034301673883921865,0.006788751094326867,0.07365124940548098,0.09339907623623525
len3_cond3_1.csv,1.6,284,0.01,0.011535567479835236,0.055689542213098346,0.11288558276877533,0.004429263575882449,0.005837442264764703
len3_cond3_1.csv,6.4,236,0.01,0.04851632382815702,0.23421924136592978,0.5122645842024547,0.0009760581063366903,0.0014593605661911758
len4_cond1_1.csv,0.1,299,0.01,0.00224649265045464,0.009751350750832903,0.0060408385062969165,0.08276996636788161,0.037505703888510454
len4_cond1_1.csv,1.6,284,0.01,0.03608105754431698,0.15661704813697752,0.09748043334016329,0.0051292344819110795,0.0023441064930319034
len4_cond1_1.csv,6.4,236,0.01,0.14612791204918585,0.6342974345320452,0.4030107280258028,0.0012406617621553426,0.0005860266232579758
len4_cond2_1.csv,0.1,299,0.01,0.0008958934242686269,0.0039019117797972056,0.006127294717130332,0.08160208102968008,0.07721552058685094
len4_cond2_1.csv,1.6,284,0.01,0.014489883181088499,0.06310822731881337,0.10059843185505381,0.004970256402410126,0.004825970036678184
len4_cond2_1.csv,6.4,236,0.01,0.06007571479605318,0.26164958118073095,0.44018740921134625,0.0011358798310379117,0.001206492509169546
len4_cond3_1.csv,0.1,299,0.01,0.0007002174110573498,0.0030802876278952004,0.006128570043680397,0.08158510002110289,0.0947368845484731
len4_cond3_1.csv,1.6,284,0.01,0.01136227472592794,0.049983153389705756,0.10201203969539552,0.004901382243634997,0.005921055284279568
len4_cond3_1.csv,6.4,236,0.01,0.047650092393527556,0.2096148821067015,0.4662277952322506,0.0010724371329060849,0.001480263821069892
len5_cond1_1.csv,0.1,299,0.01,0.0013790828997650205,0.0055271722193581145,0.005629304072317553,0.0888209259220479,0.06333147098022801
len5_cond1_1.csv,1.6,284,0.01,0.022134915012071914,0.08871365699148517,0.09072194880619296,0.005511345452555672,0.003958216936264251
len5_cond1_1.csv,6.4,236,0.01,0.08950298788224496,0.3587155117771246,0.37056229660271117,0.0013493007912136893,0.0009895542340660627
len5_cond2_1.csv,0.1,299,0.01,0.000903872713052346,0.0036515981337582153,0.005651282798540102,0.0884754873936171,0.08279367145420666
len5_cond2_1.csv,1.6,284,0.01,0.014629383340774524,0.05910193784344503,0.09277384283367529,0.0053894501373237145,0.005174604465887916
len5_cond2_1.csv,6.4,236,0.01,0.06068281990369279,0.2451553949042354,0.4042542286761667,0.0012368454416355201,0.001293651116471979
len5_cond3_1.csv,0.1,299,0.01,0.0005632651883905478,0.0022841551619078937,0.005639499829244233,0.08866034491342588,0.12530982457904105
len5_cond3_1.csv,1.6,284,0.01,0.009126307398129306,0.03700903691946511,0.09330774112419345,0.0053586122006157606,0.007831864036190066
len5_cond3_1.csv,6.4,236,0.01,0.03809655216306199,0.1544892850964117,0.4153045641661932,0.0012039357212551944,0.0019579660090475164
