generation,environment,reward,intrinsic_fitness,environment_match,maintenance,memory_slots,memory_retrieved,retrieval_similarity,retrieval_age,witness_recoveries_total,reward_baseline,policy_norm,policy_change_norm,recall_step_norm,exploration_step_norm,chosen_probe,probe_count,base_probe_reward,explore_probe_reward,spectral_novelty,spectral_mismatch,mean_resource_after_forcing,policy_formation_drive,effective_formation_drive,policy_neighbor_scale,effective_neighbor_scale,policy_resource_blend,effective_resource_blend,policy_topology_blend,effective_topology_blend,policy_export_cost,effective_export_cost
0,learning_rich,0.6088858354802451,0.64432774518557,0.5832210043143201,0.4532304097651422,0,False,0.0,-1,0,0.6088858354802451,0.0,0.0,0.0,0.08493742214509879,fixed_control,1,0.6088858354802451,,True,0.0012278879694936004,0.347191551841543,0.0,1.45,0.0,0.32,0.0,0.28,0.0,0.2,0.0,0.1
1,learning_rich,0.6277618664229745,0.6892706760015924,0.5832210043143201,0.5216360481004487,0,False,0.0,-1,0,0.6111509591933727,0.0,0.0,0.0,0.07657457333549145,fixed_control,1,0.6277618664229745,,True,0.002014006582194094,0.45311196420460903,0.0,1.45,0.0,0.32,0.0,0.28,0.0,0.2,0.0,0.1
2,learning_rich,0.6392082737229969,0.7165240267159316,0.5832210043143201,0.5596033120635221,0,False,0.0,-1,0,0.6145178369369275,0.0,0.0,0.0,0.03678545010537633,fixed_control,1,0.6392082737229969,,True,0.002515656957865942,0.5197658240410356,0.0,1.45,0.0,0.32,0.0,0.28,0.0,0.2,0.0,0.1
3,learning_rich,0.6462496615795208,0.7332892358981312,0.5832210043143201,0.5830755965678612,0,False,0.0,-1,0,0.6183256558940387,0.0,0.0,0.0,0.07818818474791468,fixed_control,1,0.6462496615795208,,True,0.002466085963989328,0.557577111380307,0.0,1.45,0.0,0.32,0.0,0.28,0.0,0.2,0.0,0.1
4,learning_rich,0.6522389534314779,0.7475494545932669,0.5832210043143201,0.6055341145985527,0,False,0.0,-1,0,0.6223952515985314,0.0,0.0,0.0,0.03882486120280215,fixed_control,1,0.6522389534314779,,True,0.0020688781852215444,0.5812132444693742,0.0,1.45,0.0,0.32,0.0,0.28,0.0,0.2,0.0,0.1
5,learning_rich,0.6555240132458606,0.7553710255798926,0.5832210043143201,0.6144358386314049,0,False,0.0,-1,0,0.6263707029962109,0.0,0.0,0.0,0.06972922605402859,fixed_control,1,0.6555240132458606,,True,0.0017325401290154883,0.6042888627106268,0.0,1.45,0.0,0.32,0.0,0.28,0.0,0.2,0.0,0.1
6,learning_rich,0.6573467839090373,0.7597109557303134,0.5832210043143201,0.612732497388385,0,False,0.0,-1,0,0.6300878327057501,0.0,0.0,0.0,0.11,fixed_control,1,0.6573467839090373,,True,0.0017248194780415107,0.6137467409700328,0.0,1.45,0.0,0.32,0.0,0.28,0.0,0.2,0.0,0.1
7,learning_rich,0.6576987936731435,0.7605490742162806,0.5832210043143201,0.6047899686960678,0,False,0.0,-1,0,0.6334011480218373,0.0,0.0,0.0,0.04825775808577233,fixed_control,1,0.6576987936731435,,True,0.0017091841642809477,0.6126488011371044,0.0,1.45,0.0,0.32,0.0,0.28,0.0,0.2,0.0,0.1
8,learning_rich,0.6569480141299078,0.7587615038752432,0.5832210043143201,0.5930416498975689,0,False,0.0,-1,0,0.6362267719548058,0.0,0.0,0.0,0.06673029710331999,fixed_control,1,0.6569480141299078,,True,0.001621918721301297,0.6053982283761606,0.0,1.45,0.0,0.32,0.0,0.28,0.0,0.2,0.0,0.1
9,learning_rich,0.6558847076281236,0.7562298217281379,0.5832210043143201,0.5789998831140529,0,False,0.0,-1,0,0.638585724235604,0.0,0.0,0.0,0.08227407845536479,fixed_control,1,0.6558847076281236,,True,0.0016483985062019444,0.5944552110980624,0.0,1.45,0.0,0.32,0.0,0.28,0.0,0.2,0.0,0.1
10,learning_poor,0.4426508825045119,0.7313340055045502,0.2336044830906911,0.5241863229038638,0,False,0.0,-1,0,0.615073543227873,0.0,0.0,0.0,0.0912031924073114,fixed_control,1,0.4426508825045119,,True,0.0014038008051592693,0.5254747876822019,0.0,1.45,0.0,0.32,0.0,0.28,0.0,0.2,0.0,0.1
11,learning_poor,0.4309698681172983,0.703522066487375,0.2336044830906911,0.47569571808435607,0,False,0.0,-1,0,0.592981102214604,0.0,0.0,0.0,0.11,fixed_control,1,0.4309698681172983,,True,0.0014229698835782057,0.47683648607273393,0.0,1.45,0.0,0.32,0.0,0.28,0.0,0.2,0.0,0.1
12,learning_poor,0.43332392242203766,0.7091269576891353,0.2336044830906911,0.46416604838600783,0,False,0.0,-1,0,0.5738222406394959,0.0,0.0,0.0,0.08226081652759616,fixed_control,1,0.43332392242203766,,True,0.0014286955880714158,0.4427769825501544,0.0,1.45,0.0,0.32,0.0,0.28,0.0,0.2,0.0,0.1
13,learning_poor,0.42908457065715966,0.6990332630108544,0.2336044830906911,0.4515066129477801,0,False,0.0,-1,0,0.5564537202416155,0.0,0.0,0.0,0.08152635174645158,fixed_control,1,0.42908457065715966,,True,0.001297654408482439,0.4234851477186489,0.0,1.45,0.0,0.32,0.0,0.28,0.0,0.2,0.0,0.1
14,learning_poor,0.4258552943714715,0.6913445099496922,0.2336044830906911,0.4440416084688641,0,False,0.0,-1,0,0.5407819091371983,0.0,0.0,0.0,0.08317246853607235,fixed_control,1,0.4258552943714715,,True,0.0011083174269459696,0.41244030635302603,0.0,1.45,0.0,0.32,0.0,0.28,0.0,0.2,0.0,0.1
15,learning_poor,0.42321767583893366,0.6850644658246019,0.2336044830906911,0.43997905966203976,0,False,0.0,-1,0,0.5266742011414065,0.0,0.0,0.0,0.042506826925473584,fixed_control,1,0.42321767583893366,,True,0.0009232141846294364,0.40618116884465133,0.0,1.45,0.0,0.32,0.0,0.28,0.0,0.2,0.0,0.1
16,learning_poor,0.4214712338497064,0.6809062706121563,0.2336044830906911,0.43806235845547475,0,False,0.0,-1,0,0.5140498450664025,0.0,0.0,0.0,0.04926724119209075,fixed_control,1,0.4214712338497064,,True,0.0008299348387075578,0.4029945768045491,0.0,1.45,0.0,0.32,0.0,0.28,0.0,0.2,0.0,0.1
17,learning_poor,0.42011686582063346,0.677681584828649,0.2336044830906911,0.43782265492581346,0,False,0.0,-1,0,0.5027778875569102,0.0,0.0,0.0,0.10114187693484061,fixed_control,1,0.42011686582063346,,True,0.0006953689232311382,0.40174315461347687,0.0,1.45,0.0,0.32,0.0,0.28,0.0,0.2,0.0,0.1
18,learning_poor,0.418561420899765,0.6739781445408671,0.2336044830906911,0.43852180003704727,0,False,0.0,-1,0,0.4926719115580528,0.0,0.0,0.0,0.05215050671181041,fixed_control,1,0.418561420899765,,True,0.0006327334926279378,0.4019894047020267,0.0,1.45,0.0,0.32,0.0,0.28,0.0,0.2,0.0,0.1
19,learning_poor,0.41791264247937066,0.6724334340161185,0.2336044830906911,0.4411243729676928,0,False,0.0,-1,0,0.4837007992686109,0.0,0.0,0.0,0.11,fixed_control,1,0.41791264247937066,,True,0.000487959097207407,0.4030490501287611,0.0,1.45,0.0,0.32,0.0,0.28,0.0,0.2,0.0,0.1
20,learning_rich,0.6268060778294964,0.6869949888742637,0.5832210043143201,0.4727935285872604,0,False,0.0,-1,0,0.5008734326959172,0.0,0.0,0.0,0.03120435634677703,fixed_control,1,0.6268060778294964,,True,0.0005487187922119922,0.44876359630892954,0.0,1.45,0.0,0.32,0.0,0.28,0.0,0.2,0.0,0.1
21,learning_rich,0.6311501104369086,0.6973379236538164,0.5832210043143201,0.4953866564163087,0,False,0.0,-1,0,0.5165066340248362,0.0,0.0,0.0,0.08765134713489395,fixed_control,1,0.6311501104369086,,True,0.0005777920767851325,0.4812650084721426,0.0,1.45,0.0,0.32,0.0,0.28,0.0,0.2,0.0,0.1
22,learning_rich,0.6338878616102184,0.7038563788283634,0.5832210043143201,0.5122202268157846,0,False,0.0,-1,0,0.530592381335082,0.0,0.0,0.0,0.06710024655906029,fixed_control,1,0.6338878616102184,,True,0.0005832145724999846,0.5045423721906371,0.0,1.45,0.0,0.32,0.0,0.28,0.0,0.2,0.0,0.1
23,learning_rich,0.6363358050888495,0.7096848156822472,0.5832210043143201,0.5250002242463531,0,False,0.0,-1,0,0.5432815921855341,0.0,0.0,0.0,0.06173976950025435,fixed_control,1,0.6363358050888495,,True,0.000567992008981141,0.5219136798782428,0.0,1.45,0.0,0.32,0.0,0.28,0.0,0.2,0.0,0.1
24,learning_rich,0.6389615306910339,0.7159365433064958,0.5832210043143201,0.5388229009765934,0,False,0.0,-1,0,0.554763184806194,0.0,0.0,0.0,0.11,fixed_control,1,0.6389615306910339,,True,0.00047650898317640026,0.5351017532098604,0.0,1.45,0.0,0.32,0.0,0.28,0.0,0.2,0.0,0.1
25,learning_rich,0.6429861984061328,0.7255190854853026,0.5832210043143201,0.5600822851894677,0,False,0.0,-1,0,0.5653499464381866,0.0,0.0,0.0,0.03799735700078368,fixed_control,1,0.6429861984061328,,True,0.00027148136362293803,0.5490236777527223,0.0,1.45,0.0,0.32,0.0,0.28,0.0,0.2,0.0,0.1
26,learning_rich,0.6472583672372968,0.7356909160356931,0.5832210043143201,0.5799172337752261,0,False,0.0,-1,0,0.5751789569340798,0.0,0.0,0.0,0.05391431776843823,fixed_control,1,0.6472583672372968,,True,0.0001901479434892659,0.5699600946707515,0.0,1.45,0.0,0.32,0.0,0.28,0.0,0.2,0.0,0.1
27,learning_rich,0.6503689727720467,0.7430971196898595,0.5832210043143201,0.5934610210131246,0,False,0.0,-1,0,0.5842017588346359,0.0,0.0,0.0,0.03753252144023101,fixed_control,1,0.6503689727720467,,True,0.00021151344617318437,0.5898248838672168,0.0,1.45,0.0,0.32,0.0,0.28,0.0,0.2,0.0,0.1
28,learning_rich,0.6523505961615754,0.747815270617309,0.5832210043143201,0.6021459575520862,0,False,0.0,-1,0,0.5923796193138686,0.0,0.0,0.0,0.05924706347916042,fixed_control,1,0.6523505961615754,,True,0.0002278576884583218,0.6037271817910653,0.0,1.45,0.0,0.32,0.0,0.28,0.0,0.2,0.0,0.1
29,learning_rich,0.6527601266122364,0.7487903431188825,0.5832210043143201,0.6074602764882202,0,False,0.0,-1,0,0.5996252801896726,0.0,0.0,0.0,0.0999047481836727,fixed_control,1,0.6527601266122364,,True,0.00023553653366313452,0.6128619650023547,0.0,1.45,0.0,0.32,0.0,0.28,0.0,0.2,0.0,0.1
30,learning_poor,0.4417971469953006,0.7293013019111898,0.2336044830906911,0.5702726549032734,0,False,0.0,-1,0,0.580685904206348,0.0,0.0,0.0,0.05710395913751048,fixed_control,1,0.4417971469953006,,True,0.00018041109358655388,0.5593500919757514,0.0,1.45,0.0,0.32,0.0,0.28,0.0,0.2,0.0,0.1
31,learning_poor,0.4366981916992978,0.7171609321588024,0.2336044830906911,0.547048597801697,0,False,0.0,-1,0,0.563407378705502,0.0,0.0,0.0,0.06282848447850006,fixed_control,1,0.4366981916992978,,True,0.000149318216396827,0.5255513630793803,0.0,1.45,0.0,0.32,0.0,0.28,0.0,0.2,0.0,0.1
32,learning_poor,0.43324416578460356,0.7089370609333397,0.2336044830906911,0.5323213673224456,0,False,0.0,-1,0,0.5477877931549942,0.0,0.0,0.0,0.048627302316108345,fixed_control,1,0.43324416578460356,,True,0.00013325624360380518,0.5045202543301002,0.0,1.45,0.0,0.32,0.0,0.28,0.0,0.2,0.0,0.1
33,learning_poor,0.431589162359287,0.704996576587348,0.2336044830906911,0.5258564300916349,0,False,0.0,-1,0,0.5338439574595093,0.0,0.0,0.0,0.06104076771994036,fixed_control,1,0.431589162359287,,True,0.00010377233564419134,0.49123938455703,0.0,1.45,0.0,0.32,0.0,0.28,0.0,0.2,0.0,0.1
34,learning_poor,0.43044938181196546,0.7022828133794395,0.2336044830906911,0.5231144239503598,0,False,0.0,-1,0,0.5214366083818041,0.0,0.0,0.0,0.0668108088163004,fixed_control,1,0.43044938181196546,,True,9.719298999643201e-05,0.48536196299164874,0.0,1.45,0.0,0.32,0.0,0.28,0.0,0.2,0.0,0.1
35,learning_poor,0.43015118051719514,0.7015728102966531,0.2336044830906911,0.5223522111040988,0,False,0.0,-1,0,0.510482357038051,0.0,0.0,0.0,0.053005678809181424,fixed_control,1,0.43015118051719514,,True,9.247264261254683e-05,0.4828272783625828,0.0,1.45,0.0,0.32,0.0,0.28,0.0,0.2,0.0,0.1
36,learning_poor,0.42477623701290146,0.6887753257626206,0.2336044830906911,0.5119259398974149,0,False,0.0,-1,0,0.5001976226350331,0.0,0.0,0.0,0.06606187598299336,fixed_control,1,0.42477623701290146,,True,9.33019090208858e-05,0.4820626388921605,0.0,1.45,0.0,0.32,0.0,0.28,0.0,0.2,0.0,0.1
37,learning_poor,0.4195461810362515,0.6763228115325015,0.2336044830906911,0.5022620382723549,0,False,0.0,-1,0,0.4905194496431793,0.0,0.0,0.0,0.11,fixed_control,1,0.4195461810362515,,True,9.038374126246573e-05,0.482390931827744,0.0,1.45,0.0,0.32,0.0,0.28,0.0,0.2,0.0,0.1
38,learning_poor,0.4143302775223081,0.6639039936421602,0.2336044830906911,0.49304561597782215,0,False,0.0,-1,0,0.4813767489886748,0.0,0.0,0.0,0.07822881766262779,fixed_control,1,0.4143302775223081,,True,8.755540394985914e-05,0.4834375442202688,0.0,1.45,0.0,0.32,0.0,0.28,0.0,0.2,0.0,0.1
39,learning_poor,0.4147087126305927,0.6648050296142665,0.2336044830906911,0.4949018115635768,0,False,0.0,-1,0,0.4733765846257049,0.0,0.0,0.0,0.06642277714358198,fixed_control,1,0.4147087126305927,,True,8.797954798326843e-05,0.4849469937945323,0.0,1.45,0.0,0.32,0.0,0.28,0.0,0.2,0.0,0.1
40,learning_rich,0.6416258133678132,0.7222800734893038,0.5832210043143201,0.5648194572240912,0,False,0.0,-1,0,0.49356649207475795,0.0,0.0,0.0,0.059629112866083585,fixed_control,1,0.6416258133678132,,True,0.0001162884634978696,0.537802129187527,0.0,1.45,0.0,0.32,0.0,0.28,0.0,0.2,0.0,0.1
41,learning_rich,0.6462709184429563,0.7333398474777395,0.5832210043143201,0.5915185088205336,0,False,0.0,-1,0,0.5118910232389418,0.0,0.0,0.0,0.04729644367090915,fixed_control,1,0.6462709184429563,,True,0.0001333942168372749,0.5750683382047939,0.0,1.45,0.0,0.32,0.0,0.28,0.0,0.2,0.0,0.1
42,learning_rich,0.6504590142444335,0.7433115041479236,0.5832210043143201,0.6108440637383674,0,False,0.0,-1,0,0.5285191821596008,0.0,0.0,0.0,0.0847037622964268,fixed_control,1,0.6504590142444335,,True,0.00015361027625809427,0.6018788662985539,0.0,1.45,0.0,0.32,0.0,0.28,0.0,0.2,0.0,0.1
43,learning_rich,0.6535281772818862,0.7506190351894773,0.5832210043143201,0.624869861425483,0,False,0.0,-1,0,0.543520261574275,0.0,0.0,0.0,0.05944138743390616,fixed_control,1,0.6535281772818862,,True,0.00017194595161584738,0.6211613232043555,0.0,1.45,0.0,0.32,0.0,0.28,0.0,0.2,0.0,0.1
44,learning_rich,0.655789912333313,0.7560041186452554,0.5832210043143201,0.6351037258963393,0,False,0.0,-1,0,0.5569926196653596,0.0,0.0,0.0,0.08513468185789365,fixed_control,1,0.655789912333313,,True,0.00018821467934581368,0.6350590593119104,0.0,1.45,0.0,0.32,0.0,0.28,0.0,0.2,0.0,0.1
45,learning_rich,0.657444205018177,0.7599429107520745,0.5832210043143201,0.6425571886562218,0,False,0.0,-1,0,0.5690468099076977,0.0,0.0,0.0,0.08444195053096569,fixed_control,1,0.657444205018177,,True,0.00020229201718577965,0.6451215376072309,0.0,1.45,0.0,0.32,0.0,0.28,0.0,0.2,0.0,0.1
46,learning_rich,0.6586615221112591,0.7628412847832224,0.5832210043143201,0.6479470553037149,0,False,0.0,-1,0,0.5798005753721251,0.0,0.0,0.0,0.08532992632824893,fixed_control,1,0.6586615221112591,,True,0.00021529570953368244,0.6523888012706294,0.0,1.45,0.0,0.32,0.0,0.28,0.0,0.2,0.0,0.1
47,learning_rich,0.6595349082611657,0.7649207756163333,0.5832210043143201,0.6517741276586664,0,False,0.0,-1,0,0.5893686953188101,0.0,0.0,0.0,0.10444303594479479,fixed_control,1,0.6595349082611657,,True,0.00022691002602584975,0.6575930077108165,0.0,1.45,0.0,0.32,0.0,0.28,0.0,0.2,0.0,0.1
48,learning_rich,0.6601414727055016,0.7663649766742759,0.5832210043143201,0.6544029079395066,0,False,0.0,-1,0,0.5978614286052131,0.0,0.0,0.0,0.0814768461303253,fixed_control,1,0.6601414727055016,,True,0.00023729035203876403,0.6612442856894082,0.0,1.45,0.0,0.32,0.0,0.28,0.0,0.2,0.0,0.1
49,learning_rich,0.6605414898995152,0.7673173985647844,0.5832210043143201,0.6561092981769641,0,False,0.0,-1,0,0.6053830359605293,0.0,0.0,0.0,0.07825556125401115,fixed_control,1,0.6605414898995152,,True,0.000247001492094902,0.6637118532426347,0.0,1.45,0.0,0.32,0.0,0.28,0.0,0.2,0.0,0.1
50,learning_poor,0.448851628890929,0.7460976873769719,0.2336044830906911,0.6145764662486801,0,False,0.0,-1,0,0.5865992671121774,0.0,0.0,0.0,0.07821840976972577,fixed_control,1,0.448851628890929,,True,0.00018272115556583712,0.6018301894260928,0.0,1.45,0.0,0.32,0.0,0.28,0.0,0.2,0.0,0.1
51,learning_poor,0.4432682574160115,0.7328039457700255,0.2336044830906911,0.588512715933787,0,False,0.0,-1,0,0.5693995459486374,0.0,0.0,0.0,0.10999999999999999,fixed_control,1,0.4432682574160115,,True,0.00015464061168033358,0.5637491131834587,0.0,1.45,0.0,0.32,0.0,0.28,0.0,0.2,0.0,0.1
52,learning_poor,0.4397081782293174,0.724327566754087,0.2336044830906911,0.5720199314882364,0,False,0.0,-1,0,0.553836581822319,0.0,0.0,0.0,0.022824510779677457,fixed_control,1,0.4397081782293174,,True,0.00014022365803781546,0.5398291932925905,0.0,1.45,0.0,0.32,0.0,0.28,0.0,0.2,0.0,0.1
53,learning_poor,0.4374323453349619,0.7189089170056214,0.2336044830906911,0.5615360745685637,0,False,0.0,-1,0,0.5398680734438361,0.0,0.0,0.0,0.10729055407058143,fixed_control,1,0.4374323453349619,,True,0.00013493143209505077,0.5246704513185114,0.0,1.45,0.0,0.32,0.0,0.28,0.0,0.2,0.0,0.1
54,learning_poor,0.4355972675464026,0.7145396841757186,0.2336044830906911,0.554701125320549,0,False,0.0,-1,0,0.5273555767361441,0.0,0.0,0.0,0.0808714979114723,fixed_control,1,0.4355972675464026,,True,0.00013363874683885082,0.5150255023401399,0.0,1.45,0.0,0.32,0.0,0.28,0.0,0.2,0.0,0.1
55,learning_poor,0.43464661003251637,0.7122762139045608,0.2336044830906911,0.5501365526654559,0,False,0.0,-1,0,0.5162305007317087,0.0,0.0,0.0,0.07412349931133015,fixed_control,1,0.43464661003251637,,True,0.00013709385318056292,0.5087443411264969,0.0,1.45,0.0,0.32,0.0,0.28,0.0,0.2,0.0,0.1
56,learning_poor,0.4339464431994129,0.710609150016219,0.2336044830906911,0.5471235391593596,0,False,0.0,-1,0,0.5063564138278333,0.0,0.0,0.0,0.0472683305978565,fixed_control,1,0.4339464431994129,,True,0.0001371420162184734,0.5045454559124233,0.0,1.45,0.0,0.32,0.0,0.28,0.0,0.2,0.0,0.1
57,learning_poor,0.43358034600913165,0.7097374900393592,0.2336044830906911,0.545435344624138,0,False,0.0,-1,0,0.4976232856895891,0.0,0.0,0.0,0.06731310277223292,fixed_control,1,0.43358034600913165,,True,0.0001342395541799594,0.5017785774176587,0.0,1.45,0.0,0.32,0.0,0.28,0.0,0.2,0.0,0.1
58,learning_poor,0.4333209375787307,0.7091198509193568,0.2336044830906911,0.5442254677755526,0,False,0.0,-1,0,0.4899070039162861,0.0,0.0,0.0,0.06714502511324183,fixed_control,1,0.4333209375787307,,True,0.00013498254342922072,0.5002171988735835,0.0,1.45,0.0,0.32,0.0,0.28,0.0,0.2,0.0,0.1
59,learning_poor,0.4326816309858904,0.7075976923649752,0.2336044830906911,0.5433940153587637,0,False,0.0,-1,0,0.48303995916463865,0.0,0.0,0.0,0.10999999999999999,fixed_control,1,0.4326816309858904,,True,0.00013398855465287152,0.4990969542575674,0.0,1.45,0.0,0.32,0.0,0.28,0.0,0.2,0.0,0.1
60,learning_poor,0.43258005599036664,0.7073558471375376,0.2336044830906911,0.5425018379973614,0,False,0.0,-1,0,0.476984770783726,0.0,0.0,0.0,0.0455229573839149,fixed_control,1,0.43258005599036664,,True,0.00013752472166959995,0.4983343053658724,0.0,1.45,0.0,0.32,0.0,0.28,0.0,0.2,0.0,0.1
