active_margin,active_rank,active_singular_gap,alpha,beta,carrier_id,certified,contraction_excess,eligible,lambda_keep,lambda_up,normality_residual,parent_radius,persistent_gap,persistent_rank,product_norm,radius_bound,reason,rho_mass,runtime_active_native_radius,runtime_active_rank_utilization,runtime_control_run,runtime_control_within_radius,runtime_formation_utilization,runtime_limiting_surface,runtime_persistent_native_radius,runtime_persistent_utilization,runtime_same_active_rank,runtime_status_preserved,runtime_stratum_parent_radius,state_index,structured_active_bound,structured_active_bound_verified,structured_active_spectral_shift,structured_control_run,structured_parent_norm,structured_same_active_rank,structured_status_preserved,y_min
0.8666445222974162,4,0.165535340216157,0.025235507934669762,0.9747644920653302,annual-sunspots,True,4.440892098500626e-16,True,0.6973977937231679,0.018054809854463456,2.1174469064439534e-16,1.327697659338999e-05,0.4223999999999985,4,"max(||DeltaK||_2,||DeltaY||_2,||DeltaR||_2,||Deltarho||_1)","{'delta': 1.327697659338999e-05, 'valid': True, 'reason': None, 'active_margin': 0.8666445222974162, 'active_rank': 4, 'persistent_rank': 4, 'persistent_gap': 0.4223999999999985, 'persistent_subspace_bound': 0.0001257297796632933, 'weighted_projector_bound': 0.0013736943768324584, 'load_bound': 0.004210478320749884, 'alpha_bound': 0.005955148314782902, 'packet_bound': 0.020722169295990665, 'active_subspace_sin_bound': 0.25036550224177667, 'active_formation_bound': 0.8662048153692199}",,1.0,2.389164060411037e-10,0.9999991855326469,True,True,1.1523662133700823e-08,active_runtime_rank,9.999999717180685e-09,1.649719633860514e-05,True,True,1.6497195872032562e-13,0,0.41644846497532484,True,2.3769787943495047e-06,True,6.638488296739631e-06,True,True,0.08481217893719466
0.8597043184271366,4,0.1638105140881307,0.024506577738331894,0.9754934222616681,annual-sunspots,True,4.440892098500626e-16,True,0.7059525827688229,0.017735108668482262,2.548386416624487e-16,1.2958434717750326e-05,0.4223999999999982,4,"max(||DeltaK||_2,||DeltaY||_2,||DeltaR||_2,||Deltarho||_1)","{'delta': 1.2958434717750326e-05, 'valid': True, 'reason': None, 'active_margin': 0.8597043184271366, 'active_rank': 4, 'persistent_rank': 4, 'persistent_gap': 0.4223999999999982, 'persistent_subspace_bound': 0.0001227132450593329, 'weighted_projector_bound': 0.0013414555034906583, 'load_bound': 0.0041129524989621455, 'alpha_bound': 0.005748668310338367, 'packet_bound': 0.020276282622287402, 'active_subspace_sin_bound': 0.24755776801211585, 'active_formation_bound': 0.857226536190385}",,1.0,2.378074548757848e-10,0.999999329907194,True,True,1.1694558772302257e-08,active_runtime_rank,1.0000000272292198e-08,1.6366443887818608e-05,True,True,1.6366444333464105e-13,1,0.41230322365940286,True,2.7691488170278333e-06,True,6.479217358856815e-06,True,True,0.08532435668351503
0.8242138104382636,4,0.14392581678811056,0.01294073298091635,0.9870592670190836,mauna-loa-co2,True,1.3322676295501878e-15,True,0.8944416599511255,0.011726479934067943,2.7673970424722987e-16,9.349989025435414e-06,0.422399999999996,4,"max(||DeltaK||_2,||DeltaY||_2,||DeltaR||_2,||Deltarho||_1)","{'delta': 9.349989025435414e-06, 'valid': True, 'reason': None, 'active_margin': 0.8242138104382636, 'active_rank': 4, 'persistent_rank': 4, 'persistent_gap': 0.422399999999996, 'persistent_subspace_bound': 8.854197667218657e-05, 'weighted_projector_bound': 0.0009968248573239574, 'load_bound': 0.0031115237826836173, 'alpha_bound': 0.0034574595819650638, 'packet_bound': 0.016732380270614477, 'active_subspace_sin_bound': 0.23251395259056554, 'active_formation_bound': 0.8199430561480907}",,1.0,1.8796345394734619e-10,0.9999999000449192,True,True,1.1175317392184632e-08,active_runtime_rank,9.999999717180685e-09,1.1381377044017424e-05,True,True,1.1381376722130099e-13,0,0.3929544267189862,True,4.960459667469053e-07,True,4.6749945127322334e-06,True,True,0.11365407775925418
0.8228433122923805,4,0.14342951420499925,0.0128065468629812,0.9871934531370189,mauna-loa-co2,True,8.881784197001252e-16,True,0.8923791882152343,0.011576551543278229,2.224992820023349e-16,9.256019286486356e-06,0.4223999999999971,4,"max(||DeltaK||_2,||DeltaY||_2,||DeltaR||_2,||Deltarho||_1)","{'delta': 9.256019286486356e-06, 'valid': True, 'reason': None, 'active_margin': 0.8228433122923805, 'active_rank': 4, 'persistent_rank': 4, 'persistent_gap': 0.4223999999999971, 'persistent_subspace_bound': 8.765210344159984e-05, 'weighted_projector_bound': 0.000986552911460691, 'load_bound': 0.003078959087333228, 'alpha_bound': 0.003429457070748396, 'packet_bound': 0.016682419751694617, 'active_subspace_sin_bound': 0.2326218539351815, 'active_formation_bound': 0.820261702314112}",,0.9999999999999999,1.8882551665258076e-10,0.9999998352772876,True,True,1.128332941375229e-08,active_runtime_rank,1.0000000050247593e-08,1.1354257003404201e-05,True,True,1.135425706045661e-13,1,0.3930736309478422,True,1.0329584747559295e-06,True,4.628009643292685e-06,True,True,0.11340498527593351
0.7331009249187083,4,0.0871586613484076,0.00443376424298156,0.9955662357570184,enso-pacific-sst,True,0.0,True,0.711185950263739,0.003167273781630956,2.072268534092281e-16,2.603768423048673e-06,0.4223999999999975,4,"max(||DeltaK||_2,||DeltaY||_2,||DeltaR||_2,||Deltarho||_1)","{'delta': 2.603768423048673e-06, 'valid': True, 'reason': None, 'active_margin': 0.7331009249187083, 'active_rank': 4, 'persistent_rank': 4, 'persistent_gap': 0.4223999999999975, 'persistent_subspace_bound': 2.465693004596296e-05, 'weighted_projector_bound': 0.00026376989768617584, 'load_bound': 0.0007975954741529752, 'alpha_bound': 0.001119026986882599, 'packet_bound': 0.00907064097470475, 'active_subspace_sin_bound': 0.20814089694301072, 'active_formation_bound': 0.7293915933874721}",,1.0,1.1358252176173769e-10,0.9999996488259565,True,True,1.2458635456799884e-08,active_runtime_rank,9.999997385712334e-09,3.503624720906373e-06,True,True,3.503623804958083e-14,0,0.3511380801756895,True,7.813286717617274e-08,True,1.3018842115464224e-06,True,True,0.06478996488150653
0.735995627075407,4,0.08393495289470843,0.004112313371427997,0.995887686628572,enso-pacific-sst,True,4.440892098500626e-16,True,0.7245228548022536,0.0029917681117185247,1.9305927429649035e-16,2.4935858413937263e-06,0.42239999999999794,4,"max(||DeltaK||_2,||DeltaY||_2,||DeltaR||_2,||Deltarho||_1)","{'delta': 2.4935858413937263e-06, 'valid': True, 'reason': None, 'active_margin': 0.735995627075407, 'active_rank': 4, 'persistent_rank': 4, 'persistent_gap': 0.42239999999999794, 'persistent_subspace_bound': 2.3613531727073046e-05, 'weighted_projector_bound': 0.000251874788511666, 'load_bound': 0.0007602597174715679, 'alpha_bound': 0.001047198198757173, 'packet_bound': 0.008816821595084528, 'active_subspace_sin_bound': 0.2100870088327761, 'active_formation_bound': 0.7358778590599176}",,0.9999999999999999,1.1249107799451819e-10,0.9999997629238315,True,True,1.2756646925088929e-08,active_runtime_rank,9.999999717180685e-09,3.420769935473799e-06,True,True,3.4207698387278183e-14,1,0.35414505454342426,True,8.787368002693974e-08,True,1.246792920683859e-06,True,True,0.06204827502053317
0.09047537707428926,4,0.19590636434661482,0.025986003610147985,0.9740139963898521,zachary-karate-network,True,6.661338147750939e-16,True,0.17803328041950386,0.004749801835348571,4.809344436828694e-17,3.7587895579639935e-07,0.42239999999999667,4,"max(||DeltaK||_2,||DeltaY||_2,||DeltaR||_2,||Deltarho||_1)","{'delta': 3.7587895579639935e-07, 'valid': True, 'reason': None, 'active_margin': 0.09047537707428926, 'active_rank': 4, 'persistent_rank': 4, 'persistent_gap': 0.42239999999999667, 'persistent_subspace_bound': 3.5594604776410727e-06, 'weighted_projector_bound': 4.2145050254792824e-05, 'load_bound': 0.0001356123044785661, 'alpha_bound': 0.0007430328430587645, 'packet_bound': 0.0023656449497196936, 'active_subspace_sin_bound': 0.024150771799676618, 'active_formation_bound': 0.08196049200373141}",,1.0,1.9648123603745184e-10,0.9999999148206683,True,True,7.523945706089273e-08,active_runtime_rank,9.999999384113778e-09,3.148625910398551e-06,True,True,3.1486257164790196e-14,0,0.040805068985144397,True,9.14263560691797e-09,True,1.8793947792472565e-07,True,True,0.16320168703291682
0.0183398302995563,4,0.20052853418739905,0.027469685263714697,0.9725303147362853,zachary-karate-network,True,6.661338147750939e-16,False,0.11613466932734881,0.0032802913865907757,4.809344436828694e-17,5.194596861808988e-08,0.42239999999999667,4,"max(||DeltaK||_2,||DeltaY||_2,||DeltaR||_2,||Deltarho||_1)","{'delta': 5.194596861808988e-08, 'valid': True, 'reason': None, 'active_margin': 0.0183398302995563, 'active_rank': 4, 'persistent_rank': 4, 'persistent_gap': 0.42239999999999667, 'persistent_subspace_bound': 4.919125943871415e-07, 'weighted_projector_bound': 5.85095541352103e-06, 'load_bound': 1.88790167120822e-05, 'alpha_bound': 0.00015814591302333814, 'packet_bound': 0.0004864247000999807, 'active_subspace_sin_bound': 0.004851426277772573, 'active_formation_bound': 0.016466330774887128}",,1.0,2.0109482367948296e-10,0.9999991768897329,True,True,3.7118159979518987e-07,active_runtime_rank,9.999999384113778e-09,2.151213484467007e-06,True,True,2.1512133519767323e-14,1,0.00822608307991091,True,1.0940158362560126e-09,True,2.597298431883388e-08,True,True,0.16773935479278113
0.0390642539609407,4,0.1992490258323214,0.027043548531995636,0.9729564514680044,zachary-karate-network,True,6.661338147750939e-16,False,0.09980190169486727,0.0027740168308646616,4.809344436828694e-17,7.376405987039813e-08,0.42239999999999667,4,"max(||DeltaK||_2,||DeltaY||_2,||DeltaR||_2,||Deltarho||_1)","{'delta': 7.376405987039813e-08, 'valid': True, 'reason': None, 'active_margin': 0.0390642539609407, 'active_rank': 4, 'persistent_rank': 4, 'persistent_gap': 0.42239999999999667, 'persistent_subspace_bound': 6.98523319990218e-07, 'weighted_projector_bound': 8.298306036663536e-06, 'load_bound': 2.6755832888791156e-05, 'alpha_bound': 0.00026097546583489435, 'packet_bound': 0.0008090927971977051, 'active_subspace_sin_bound': 0.008121422865862354, 'active_formation_bound': 0.02755170335546461}",,1.0000000000000002,1.9981786281718895e-10,0.9999993965407752,True,True,1.7418254630950143e-07,active_runtime_rank,9.999999384113778e-09,1.826966927183093e-06,True,True,1.826966814662717e-14,2,0.013756004206313762,True,1.2928979414850161e-09,True,3.688202998564094e-08,True,True,0.16652083020905878
0.046946466634883395,4,0.20346643473693554,0.028438834824265718,0.9715611651757343,zachary-karate-network,True,6.661338147750939e-16,False,0.10186955664382757,0.002981851888337858,4.809344436828694e-17,1.3297176924286242e-07,0.42239999999999667,4,"max(||DeltaK||_2,||DeltaY||_2,||DeltaR||_2,||Deltarho||_1)","{'delta': 1.3297176924286242e-07, 'valid': True, 'reason': None, 'active_margin': 0.046946466634883395, 'active_rank': 4, 'persistent_rank': 4, 'persistent_gap': 0.42239999999999667, 'persistent_subspace_bound': 1.2592024439735725e-06, 'weighted_projector_bound': 1.502112545340354e-05, 'load_bound': 4.8554771678191477e-05, 'alpha_bound': 0.000463511017179148, 'packet_bound': 0.0014049371766777878, 'active_subspace_sin_bound': 0.013810014202040281, 'active_formation_bound': 0.04687286985733466}",,1.0000000000000002,2.0402730911176506e-10,0.9999996142882556,True,True,1.4499394589387564e-07,active_runtime_rank,9.999999384113778e-09,1.9405451530474234e-06,True,True,1.940545033531921e-14,3,0.023378781469320858,True,2.5256253685657093e-09,True,6.648588457558446e-08,True,True,0.17065612207548259
0.01669276887701224,4,0.20572661365122707,0.029169479334221194,0.9708305206657788,zachary-karate-network,True,6.661338147750939e-16,True,0.13971961407201752,0.0041980019256750755,4.809344436828694e-17,6.304108119294021e-08,0.42239999999999667,4,"max(||DeltaK||_2,||DeltaY||_2,||DeltaR||_2,||Deltarho||_1)","{'delta': 6.304108119294021e-08, 'valid': True, 'reason': None, 'active_margin': 0.01669276887701224, 'active_rank': 4, 'persistent_rank': 4, 'persistent_gap': 0.42239999999999667, 'persistent_subspace_bound': 5.96979954356342e-07, 'weighted_projector_bound': 7.138384463504849e-06, 'load_bound': 2.3107816143272953e-05, 'alpha_bound': 0.0001606143825985115, 'packet_bound': 0.0004803333327429497, 'active_subspace_sin_bound': 0.0046696275626961, 'active_formation_bound': 0.015849296048403426}",,1.0,2.0628375230281206e-10,0.9999996169564449,True,True,4.077591646973922e-07,active_runtime_rank,9.999999384113778e-09,2.711858196562388e-06,True,True,2.7118580295427783e-14,4,0.007918064628618007,True,5.114384749038692e-10,True,3.152054062205423e-08,True,True,0.1730362640202487
0.18735296269523075,4,0.2044891534457049,0.028772950019434706,0.9712270499805652,zachary-karate-network,True,6.661338147750939e-16,True,0.24331419246537794,0.0072082702998907695,4.809344436828694e-17,1.2216066063382979e-06,0.42239999999999667,4,"max(||DeltaK||_2,||DeltaY||_2,||DeltaR||_2,||Deltarho||_1)","{'delta': 1.2216066063382979e-06, 'valid': True, 'reason': None, 'active_margin': 0.18735296269523075, 'active_rank': 4, 'persistent_rank': 4, 'persistent_gap': 0.42239999999999667, 'persistent_subspace_bound': 1.1568251444125556e-05, 'weighted_projector_bound': 0.0001381443507066074, 'load_bound': 0.0004468581756357719, 'alpha_bound': 0.0017900910133750352, 'packet_bound': 0.005486346649661529, 'active_subspace_sin_bound': 0.0536590479956019, 'active_formation_bound': 0.18212594010935143}",,1.0000000000000002,2.0504831464290225e-10,0.9999997615840384,True,True,3.633156897540874e-08,active_runtime_rank,9.999999384113778e-09,4.653420801332686e-06,True,True,4.6534205147349106e-14,5,0.09019036227058298,True,1.502981661349878e-08,True,6.108033032692362e-07,True,True,0.17171080048247656
0.17037992700874072,4,0.20471197429727225,0.028846651906089423,0.9711533480939105,zachary-karate-network,True,6.661338147750939e-16,True,0.23323336052786284,0.006927846747622105,4.809344436828694e-17,1.0806519979146481e-06,0.42239999999999667,4,"max(||DeltaK||_2,||DeltaY||_2,||DeltaR||_2,||Deltarho||_1)","{'delta': 1.0806519979146481e-06, 'valid': True, 'reason': None, 'active_margin': 0.17037992700874072, 'active_rank': 4, 'persistent_rank': 4, 'persistent_gap': 0.42239999999999667, 'persistent_subspace_bound': 1.0233452479346851e-05, 'weighted_projector_bound': 0.0001222324233698144, 'load_bound': 0.0003954393566522359, 'alpha_bound': 0.0016519982197773263, 'packet_bound': 0.005048694526028288, 'active_subspace_sin_bound': 0.04932485794599239, 'active_formation_bound': 0.16741509122786605}",,1.0,2.0527069999590933e-10,0.9999994762840219,True,True,3.995065159876153e-08,active_runtime_rank,9.999999384113778e-09,4.471323954930993e-06,True,True,4.471323679548311e-14,6,0.08297037935186574,True,1.0887979379203827e-08,True,5.403259990544029e-07,True,True,0.17193859664455677
0.09364734428271848,4,0.20465766035159122,0.028821209787098113,0.971178790212902,zachary-karate-network,True,6.661338147750939e-16,False,0.07148466723957134,0.002121416377535316,4.809344436828694e-17,1.4095460842364976e-07,0.42239999999999667,4,"max(||DeltaK||_2,||DeltaY||_2,||DeltaR||_2,||Deltarho||_1)","{'delta': 1.4095460842364976e-07, 'valid': True, 'reason': None, 'active_margin': 0.09364734428271848, 'active_rank': 4, 'persistent_rank': 4, 'persistent_gap': 0.42239999999999667, 'persistent_subspace_bound': 1.334797522327195e-06, 'weighted_projector_bound': 1.5942942136947214e-05, 'load_bound': 5.157411631021806e-05, 'alpha_bound': 0.0007016606349180372, 'packet_bound': 0.002114980988053233, 'active_subspace_sin_bound': 0.02066847617059445, 'active_formation_bound': 0.07015072344401152}",,1.0000000000000002,2.052165804901719e-10,0.9999994525436793,True,True,7.268460521530342e-08,active_runtime_rank,9.999999384113778e-09,1.3778016091237074e-06,True,True,1.3778015242668047e-14,7,0.03494574000313259,True,3.0408317808205965e-09,True,7.047730421483323e-08,True,True,0.17191379392169231
0.11485591892407215,4,0.20349716852891064,0.028393574002137524,0.9716064259978625,zachary-karate-network,True,6.661338147750939e-16,False,0.05131542964025806,0.0014996076703030718,4.809344436828694e-17,1.4095460842364976e-07,0.42239999999999667,4,"max(||DeltaK||_2,||DeltaY||_2,||DeltaR||_2,||Deltarho||_1)","{'delta': 1.4095460842364976e-07, 'valid': True, 'reason': None, 'active_margin': 0.11485591892407215, 'active_rank': 4, 'persistent_rank': 4, 'persistent_gap': 0.42239999999999667, 'persistent_subspace_bound': 1.334797522327195e-06, 'weighted_projector_bound': 1.5927047034396145e-05, 'load_bound': 5.149130720697262e-05, 'alpha_bound': 0.000976841208406475, 'packet_bound': 0.0029710510712771332, 'active_subspace_sin_bound': 0.029199925411788185, 'active_formation_bound': 0.09901874066386385}",,1.0000000000000002,2.0405877485846473e-10,0.9999993465172271,True,True,5.921188651698511e-08,active_runtime_rank,9.999999384113778e-09,9.782546203496166e-07,True,True,9.782545601002623e-15,8,0.04925034531554985,True,1.7494123094596858e-09,True,7.047730421483323e-08,True,True,0.1709161548040547
0.3436812526293643,4,0.20726245834618476,0.029812641918907094,0.9701873580810928,zachary-karate-network,True,6.661338147750939e-16,True,0.43117153986124357,0.013249361184144189,4.809344436828694e-17,4.0876836442858425e-06,0.42239999999999667,4,"max(||DeltaK||_2,||DeltaY||_2,||DeltaR||_2,||Deltarho||_1)","{'delta': 4.0876836442858425e-06, 'valid': True, 'reason': None, 'active_margin': 0.3436812526293643, 'active_rank': 4, 'persistent_rank': 4, 'persistent_gap': 0.42239999999999667, 'persistent_subspace_bound': 3.870920453470327e-05, 'weighted_projector_bound': 0.000463354789469909, 'load_bound': 0.00150125073298379, 'alpha_bound': 0.003400969996751765, 'packet_bound': 0.010463670769930832, 'active_subspace_sin_bound': 0.10097024664692217, 'active_formation_bound': 0.34266937505764866}",,1.0,2.0781511201954838e-10,0.9999994274214346,True,True,1.9802154670956536e-08,active_runtime_rank,9.999999384113778e-09,8.412931929342446e-06,True,True,8.41293141120156e-14,9,0.16824382369082908,True,6.890749440491284e-08,True,2.0438418222301635e-06,True,True,0.17409106917585637
0.056876354857136914,4,0.20575707749868236,0.02918596763801934,0.9708140323619806,zachary-karate-network,True,6.661338147750939e-16,True,0.16463848014815008,0.0049495919850743786,4.809344436828694e-17,2.349243473727496e-07,0.42239999999999667,4,"max(||DeltaK||_2,||DeltaY||_2,||DeltaR||_2,||Deltarho||_1)","{'delta': 2.349243473727496e-07, 'valid': True, 'reason': None, 'active_margin': 0.056876354857136914, 'active_rank': 4, 'persistent_rank': 4, 'persistent_gap': 0.42239999999999667, 'persistent_subspace_bound': 2.224662641737463e-06, 'weighted_projector_bound': 2.6601536408478015e-05, 'load_bound': 8.611353332039913e-05, 'alpha_bound': 0.0005082968082858771, 'packet_bound': 0.0015255554214340457, 'active_subspace_sin_bound': 0.01482870421741695, 'active_formation_bound': 0.05033051682190875}",,1.0000000000000002,2.063141282057596e-10,0.9999998759005921,True,True,1.1967421051062398e-07,active_runtime_rank,9.999999384113778e-09,3.1938764004735274e-06,True,True,3.1938762037670806e-14,10,0.025098815170035895,True,2.152057490545367e-09,True,1.1746217376540358e-07,True,True,0.17304156389863168
0.37860206789355666,4,0.20720740127947904,0.029777517213654774,0.9702224827863453,zachary-karate-network,True,6.661338147750939e-16,True,0.470882646101968,0.014452062644069251,4.809344436828694e-17,4.8864264253531915e-06,0.42239999999999667,4,"max(||DeltaK||_2,||DeltaY||_2,||DeltaR||_2,||Deltarho||_1)","{'delta': 4.8864264253531915e-06, 'valid': True, 'reason': None, 'active_margin': 0.37860206789355666, 'active_rank': 4, 'persistent_rank': 4, 'persistent_gap': 0.42239999999999667, 'persistent_subspace_bound': 4.6273090567564755e-05, 'weighted_projector_bound': 0.0005539021101165639, 'load_bound': 0.0017947153412132945, 'alpha_bound': 0.003725444592684345, 'packet_bound': 0.011520007173299946, 'active_subspace_sin_bound': 0.11119300857175379, 'active_formation_bound': 0.3774063006996171}",,1.0,2.077603567364138e-10,0.9999992733327935,True,True,1.7977777728013442e-08,active_runtime_rank,9.999999384113778e-09,9.164852162939496e-06,True,True,9.164851598488879e-14,11,0.18495398569310095,True,5.5050303093828745e-08,True,2.4432132126328554e-06,True,True,0.1741020550658283
0.05305637483373477,4,0.20680383240408257,0.02959044881305123,0.9704095511869487,zachary-karate-network,True,6.661338147750939e-16,True,0.16968457256238578,0.0051741480209364235,4.809344436828694e-17,2.349243473727496e-07,0.42239999999999667,4,"max(||DeltaK||_2,||DeltaY||_2,||DeltaR||_2,||Deltarho||_1)","{'delta': 2.349243473727496e-07, 'valid': True, 'reason': None, 'active_margin': 0.05305637483373477, 'active_rank': 4, 'persistent_rank': 4, 'persistent_gap': 0.42239999999999667, 'persistent_subspace_bound': 2.224662641737463e-06, 'weighted_projector_bound': 2.6624243829426936e-05, 'load_bound': 8.623197550799142e-05, 'alpha_bound': 0.0004936391515303889, 'packet_bound': 0.0014718448726400107, 'active_subspace_sin_bound': 0.014234212737064903, 'active_formation_bound': 0.04831275280351637}",,1.0,2.0735825344917845e-10,0.9999996049036148,True,True,1.282872031764122e-07,active_runtime_rank,9.999999384113778e-09,3.3264764715568155e-06,True,True,3.3264762666837126e-14,12,0.024095160714523008,True,5.305434341851267e-09,True,1.1746217376540358e-07,True,True,0.17389585654000264
0.10016141680060572,4,0.2036219429992024,0.028463243193961308,0.9715367568060388,zachary-karate-network,True,6.661338147750939e-16,False,0.06430426815996405,0.0018839308036722785,4.809344436828694e-17,1.4095460842364976e-07,0.42239999999999667,4,"max(||DeltaK||_2,||DeltaY||_2,||DeltaR||_2,||Deltarho||_1)","{'delta': 1.4095460842364976e-07, 'valid': True, 'reason': None, 'active_margin': 0.10016141680060572, 'active_rank': 4, 'persistent_rank': 4, 'persistent_gap': 0.42239999999999667, 'persistent_subspace_bound': 1.334797522327195e-06, 'weighted_projector_bound': 1.5927183434838474e-05, 'load_bound': 5.149201761063101e-05, 'alpha_bound': 0.0007791760633056618, 'packet_bound': 0.0023640144412198447, 'active_subspace_sin_bound': 0.02321964328990918, 'active_formation_bound': 0.07874822179527775}",,1.0000000000000002,2.0418296252242006e-10,0.9999997450964955,True,True,6.790622186239599e-08,active_runtime_rank,9.999999384113778e-09,1.227565408044029e-06,True,True,1.2275653324399669e-14,13,0.03921062322226295,True,2.7273565350593998e-09,True,7.047730421483323e-08,True,True,0.1709247178388967
0.1018602818519175,4,0.20629093918810043,0.029342692684009852,0.9706573073159902,zachary-karate-network,True,6.661338147750939e-16,False,0.06510101467223332,0.001967985047397057,4.809344436828694e-17,1.8793947789819968e-07,0.42239999999999667,4,"max(||DeltaK||_2,||DeltaY||_2,||DeltaR||_2,||Deltarho||_1)","{'delta': 1.8793947789819968e-07, 'valid': True, 'reason': None, 'active_margin': 0.1018602818519175, 'active_rank': 4, 'persistent_rank': 4, 'persistent_gap': 0.42239999999999667, 'persistent_subspace_bound': 1.779730071579782e-06, 'weighted_projector_bound': 2.129476305089944e-05, 'load_bound': 6.896123080078277e-05, 'alpha_bound': 0.0010303320016040894, 'packet_bound': 0.003086418251624265, 'active_subspace_sin_bound': 0.029922964758137154, 'active_formation_bound': 0.10155701467576264}",,1.0000000000000002,2.0684733608071075e-10,0.9999999680767632,True,True,6.681903525130645e-08,active_runtime_rank,9.999999384113778e-09,1.2730941216432255e-06,True,True,1.2730940432351127e-14,14,0.050505809451744994,True,4.098840516997271e-09,True,9.39697388790961e-08,True,True,0.17367812845423486
0.10666239479669172,4,0.20585507445371273,0.029189827252489548,0.9708101727475104,zachary-karate-network,True,6.661338147750939e-16,False,0.06089773919938744,0.0018310422955977819,4.809344436828694e-17,1.4095460842364976e-07,0.42239999999999667,4,"max(||DeltaK||_2,||DeltaY||_2,||DeltaR||_2,||Deltarho||_1)","{'delta': 1.4095460842364976e-07, 'valid': True, 'reason': None, 'active_margin': 0.10666239479669172, 'active_rank': 4, 'persistent_rank': 4, 'persistent_gap': 0.42239999999999667, 'persistent_subspace_bound': 1.334797522327195e-06, 'weighted_projector_bound': 1.5964405614051334e-05, 'load_bound': 5.168601157323591e-05, 'alpha_bound': 0.0008253201377705635, 'packet_bound': 0.002473945168992944, 'active_subspace_sin_bound': 0.02403579484798394, 'active_formation_bound': 0.0815499143397268}",,0.9999999999999998,2.064123685233656e-10,0.9999993730221233,True,True,6.379072828204625e-08,active_runtime_rank,9.999999384113778e-09,1.186193840112537e-06,True,True,1.1861937670564928e-14,15,0.040599286455610124,True,2.9613112795257024e-09,True,7.047730421483323e-08,True,True,0.17326017828713036
0.2768314769870497,4,0.20630075922620833,0.029394759289480103,0.9706052407105198,zachary-karate-network,True,6.661338147750939e-16,True,0.34228699244439437,0.010366154363083501,4.809344436828694e-17,2.5841678211002453e-06,0.42239999999999667,4,"max(||DeltaK||_2,||DeltaY||_2,||DeltaR||_2,||Deltarho||_1)","{'delta': 2.5841678211002453e-06, 'valid': True, 'reason': None, 'active_margin': 0.2768314769870497, 'active_rank': 4, 'persistent_rank': 4, 'persistent_gap': 0.42239999999999667, 'persistent_subspace_bound': 2.447131780361677e-05, 'weighted_projector_bound': 0.0002927486307527295, 'load_bound': 0.0009480626682023326, 'alpha_bound': 0.00270290431885344, 'packet_bound': 0.008294223872944774, 'active_subspace_sin_bound': 0.08040904845968301, 'active_formation_bound': 0.272919941953738}",,1.0000000000000002,2.0685645498987748e-10,0.9999995814798122,True,True,2.4587425765685372e-08,active_runtime_rank,9.999999384113778e-09,6.631062424276024e-06,True,True,6.631062015878026e-14,16,0.13449739148145964,True,2.8547066266426668e-08,True,1.292083910531261e-06,True,True,0.17348866763315318
0.12652457262356637,4,0.2069832215632572,0.02964790967419031,0.9703520903258097,zachary-karate-network,True,6.661338147750939e-16,True,0.21319763299977115,0.006513990363854495,4.809344436828694e-17,7.517579115927987e-07,0.42239999999999667,4,"max(||DeltaK||_2,||DeltaY||_2,||DeltaR||_2,||Deltarho||_1)","{'delta': 7.517579115927987e-07, 'valid': True, 'reason': None, 'active_margin': 0.12652457262356637, 'active_rank': 4, 'persistent_rank': 4, 'persistent_gap': 0.42239999999999667, 'persistent_subspace_bound': 7.118922293208181e-06, 'weighted_projector_bound': 8.521435629918086e-05, 'load_bound': 0.00027603797884207437, 'alpha_bound': 0.0012595297905538148, 'packet_bound': 0.0037822759439502217, 'active_subspace_sin_bound': 0.03654669122824827, 'active_formation_bound': 0.1240443086574802}",,1.0000000000000002,2.0753733710648254e-10,0.9999997670843228,True,True,5.379537344397792e-08,active_runtime_rank,9.999999384113778e-09,4.178892122581601e-06,True,True,4.178891865209393e-14,17,0.061617600194270206,True,4.682516152598737e-09,True,3.75878955738429e-07,True,True,0.17409227478754838
0.0774062496529621,4,0.2070508775310652,0.029687922147179097,0.9703120778528208,zachary-karate-network,True,6.661338147750939e-16,True,0.1848692744251447,0.0056563086782185495,4.809344436828694e-17,3.7587895579639935e-07,0.42239999999999667,4,"max(||DeltaK||_2,||DeltaY||_2,||DeltaR||_2,||Deltarho||_1)","{'delta': 3.7587895579639935e-07, 'valid': True, 'reason': None, 'active_margin': 0.0774062496529621, 'active_rank': 4, 'persistent_rank': 4, 'persistent_gap': 0.42239999999999667, 'persistent_subspace_bound': 3.5594604776410727e-06, 'weighted_projector_bound': 4.260712118622142e-05, 'load_bound': 0.00013801573715017235, 'alpha_bound': 0.0007254457945807257, 'packet_bound': 0.0021649793519014425, 'active_subspace_sin_bound': 0.020912534906562964, 'active_formation_bound': 0.07097402744812387}",,1.0000000000000004,2.0760465235317452e-10,0.9999997616689579,True,True,8.79238426660798e-08,active_runtime_rank,9.999999384113778e-09,3.6312725933385077e-06,True,True,3.631272369693432e-14,18,0.035354808554277486,True,7.959023801129561e-09,True,1.879394779802368e-07,True,True,0.17409149225104176
0.12469526335844666,4,0.2063565467971343,0.029383853883681296,0.9706161461163187,zachary-karate-network,True,6.661338147750939e-16,False,0.05192512653046942,0.0015719502884512385,4.809344436828694e-17,1.4095460842364976e-07,0.42239999999999667,4,"max(||DeltaK||_2,||DeltaY||_2,||DeltaR||_2,||Deltarho||_1)","{'delta': 1.4095460842364976e-07, 'valid': True, 'reason': None, 'active_margin': 0.12469526335844666, 'active_rank': 4, 'persistent_rank': 4, 'persistent_gap': 0.42239999999999667, 'persistent_subspace_bound': 1.334797522327195e-06, 'weighted_projector_bound': 1.597089457094155e-05, 'load_bound': 5.171985765559476e-05, 'alpha_bound': 0.000968652080307495, 'packet_bound': 0.0028967291711991068, 'active_subspace_sin_bound': 0.028074991718550515, 'active_formation_bound': 0.09528638597158912}",,1.0,2.0691252436131642e-10,0.9999993271322428,True,True,5.458326359856506e-08,active_runtime_rank,9.999999384113778e-09,1.0169961205974687e-06,True,True,1.016996057962079e-14,19,0.0474031301880101,True,2.9913918841995013e-09,True,7.047730421483323e-08,True,True,0.17366705569858332
0.0869301493763745,4,0.20655031614080305,0.029442995129158423,0.9705570048708416,zachary-karate-network,True,6.661338147750939e-16,False,0.07617653243991407,0.002310905245470915,4.809344436828694e-17,1.8793947789819968e-07,0.42239999999999667,4,"max(||DeltaK||_2,||DeltaY||_2,||DeltaR||_2,||Deltarho||_1)","{'delta': 1.8793947789819968e-07, 'valid': True, 'reason': None, 'active_margin': 0.0869301493763745, 'active_rank': 4, 'persistent_rank': 4, 'persistent_gap': 0.42239999999999667, 'persistent_subspace_bound': 1.779730071579782e-06, 'weighted_projector_bound': 2.1299267078172343e-05, 'load_bound': 6.898472807610037e-05, 'alpha_bound': 0.0008804747452052477, 'packet_bound': 0.0026308434028770376, 'active_subspace_sin_bound': 0.025474116448058366, 'active_formation_bound': 0.08646200423727257}",,0.9999999999999999,2.0710608847751515e-10,0.9999998191628383,True,True,7.829836096968402e-08,active_runtime_rank,9.999999384113778e-09,1.4930329689377691e-06,True,True,1.4930328769839257e-14,20,0.043033605326315276,True,4.334146791462601e-09,True,9.39697388790961e-08,True,True,0.17388990851594643
0.05929693183524139,4,0.20668010157449654,0.02952033942665263,0.9704796605733473,zachary-karate-network,True,6.661338147750939e-16,False,0.0979661330268646,0.002979963019071511,4.809344436828694e-17,1.4095460842364976e-07,0.42239999999999667,4,"max(||DeltaK||_2,||DeltaY||_2,||DeltaR||_2,||Deltarho||_1)","{'delta': 1.4095460842364976e-07, 'valid': True, 'reason': None, 'active_margin': 0.05929693183524139, 'active_rank': 4, 'persistent_rank': 4, 'persistent_gap': 0.42239999999999667, 'persistent_subspace_bound': 1.334797522327195e-06, 'weighted_projector_bound': 1.597437518268961e-05, 'load_bound': 5.173801566300046e-05, 'alpha_bound': 0.0005130570353636652, 'packet_bound': 0.0015275874176369777, 'active_subspace_sin_bound': 0.014782143089729145, 'active_formation_bound': 0.05017238631704146}",,1.0000000000000002,2.0723514542521176e-10,0.9999990742571738,True,True,1.1478614670114565e-07,active_runtime_rank,9.999999384113778e-09,1.9223210620111785e-06,True,True,1.922320943618073e-14,21,0.025019942833213408,True,3.334872787641441e-09,True,7.047730421483323e-08,True,True,0.17388526839317994
0.10514629250411728,4,0.20627712704462808,0.02933493597503908,0.9706650640249609,zachary-karate-network,True,6.661338147750939e-16,False,0.06266739349857148,0.0018939014538962547,4.809344436828694e-17,1.4095460842364976e-07,0.42239999999999667,4,"max(||DeltaK||_2,||DeltaY||_2,||DeltaR||_2,||Deltarho||_1)","{'delta': 1.4095460842364976e-07, 'valid': True, 'reason': None, 'active_margin': 0.10514629250411728, 'active_rank': 4, 'persistent_rank': 4, 'persistent_gap': 0.42239999999999667, 'persistent_subspace_bound': 1.334797522327195e-06, 'weighted_projector_bound': 1.597104919883869e-05, 'load_bound': 5.17206642850467e-05, 'alpha_bound': 0.0008023950748783753, 'packet_bound': 0.0023990808306839175, 'active_subspace_sin_bound': 0.023260754743446486, 'active_formation_bound': 0.07893453903398272}",,0.9999999999999999,2.0683359388464666e-10,0.9999995597840838,True,True,6.472158226752482e-08,active_runtime_rank,9.999999384113778e-09,1.2253684326424262e-06,True,True,1.2253683571736727e-14,22,0.039302700299125554,True,3.0284968699501036e-09,True,7.047730421483323e-08,True,True,0.17367675038386654
0.04928203807502085,4,0.20262732044590628,0.028123058238471065,0.971876941761529,zachary-karate-network,True,6.661338147750939e-16,False,0.09491174207456411,0.002746446937036869,4.809344436828694e-17,9.305804766515855e-08,0.42239999999999667,4,"max(||DeltaK||_2,||DeltaY||_2,||DeltaR||_2,||Deltarho||_1)","{'delta': 9.305804766515855e-08, 'valid': True, 'reason': None, 'active_margin': 0.04928203807502085, 'active_rank': 4, 'persistent_rank': 4, 'persistent_gap': 0.42239999999999667, 'persistent_subspace_bound': 8.812315529835176e-07, 'weighted_projector_bound': 1.0505102610395951e-05, 'load_bound': 3.3942786729164136e-05, 'alpha_bound': 0.0003478090090239209, 'packet_bound': 0.0010586396628069318, 'active_subspace_sin_bound': 0.010449130556306696, 'active_formation_bound': 0.03544489938362992}",,1.0,2.031903321805689e-10,0.9999995264780078,True,True,1.3804470903943316e-07,active_runtime_rank,9.999999384113778e-09,1.7927607404999433e-06,True,True,1.7927606300862794e-14,23,0.01768948122533125,True,1.961874329658997e-09,True,4.6529023745023323e-08,True,True,0.16997338455546404
0.10433375488511834,4,0.2058568400112563,0.029192441365068232,0.9708075586349318,zachary-karate-network,True,6.661338147750939e-16,False,0.06260707311400103,0.0018826113318368756,4.809344436828694e-17,1.4095460842364976e-07,0.42239999999999667,4,"max(||DeltaK||_2,||DeltaY||_2,||DeltaR||_2,||Deltarho||_1)","{'delta': 1.4095460842364976e-07, 'valid': True, 'reason': None, 'active_margin': 0.10433375488511834, 'active_rank': 4, 'persistent_rank': 4, 'persistent_gap': 0.42239999999999667, 'persistent_subspace_bound': 1.334797522327195e-06, 'weighted_projector_bound': 1.596430231150342e-05, 'load_bound': 5.168547281708528e-05, 'alpha_bound': 0.000802740054637881, 'packet_bound': 0.002405844478580284, 'active_subspace_sin_bound': 0.02337395714855758, 'active_formation_bound': 0.07933343220151465}",,1.0000000000000002,2.0641411648495985e-10,0.9999997598243597,True,True,6.523837779761143e-08,active_runtime_rank,9.999999384113778e-09,1.219491523443139e-06,True,True,1.2194914483363364e-14,24,0.03950056284231671,True,2.9657869493604494e-09,True,7.047730421483323e-08,True,True,0.17325370026804388
0.08556325298563136,4,0.20442993621998137,0.028716082741902856,0.9712839172580973,zachary-karate-network,True,6.661338147750939e-16,False,0.073300021573148,0.002167120701864205,4.809344436828694e-17,1.4095460842364976e-07,0.42239999999999667,4,"max(||DeltaK||_2,||DeltaY||_2,||DeltaR||_2,||Deltarho||_1)","{'delta': 1.4095460842364976e-07, 'valid': True, 'reason': None, 'active_margin': 0.08556325298563136, 'active_rank': 4, 'persistent_rank': 4, 'persistent_gap': 0.42239999999999667, 'persistent_subspace_bound': 1.334797522327195e-06, 'weighted_projector_bound': 1.5941190926233362e-05, 'load_bound': 5.156499062257402e-05, 'alpha_bound': 0.000684212385370022, 'packet_bound': 0.0020659011037177867, 'active_subspace_sin_bound': 0.02021133638171987, 'active_formation_bound': 0.06859492876031771}",,1.0,2.0498972245408976e-10,0.9999999590467467,True,True,7.954763464519588e-08,active_runtime_rank,9.999999384113778e-09,1.4087465478951342e-06,True,True,1.4087464611323753e-14,25,0.03417351992213629,True,2.939827853376542e-09,True,7.047730421483323e-08,True,True,0.17180390416979985
0.0803840062885115,4,0.20613054328195243,0.029295008926201405,0.9707049910737987,zachary-karate-network,True,6.661338147750939e-16,False,0.07932363056145268,0.0023939162636692273,4.809344436828694e-17,1.4095460842364976e-07,0.42239999999999667,4,"max(||DeltaK||_2,||DeltaY||_2,||DeltaR||_2,||Deltarho||_1)","{'delta': 1.4095460842364976e-07, 'valid': True, 'reason': None, 'active_margin': 0.0803840062885115, 'active_rank': 4, 'persistent_rank': 4, 'persistent_gap': 0.42239999999999667, 'persistent_subspace_bound': 1.334797522327195e-06, 'weighted_projector_bound': 1.596805443215587e-05, 'load_bound': 5.170504264281245e-05, 'alpha_bound': 0.0006335304728840556, 'packet_bound': 0.0018939252786812901, 'active_subspace_sin_bound': 0.018375979110390434, 'active_formation_bound': 0.06236275678379819}",,0.9999999999999999,2.066871316831977e-10,0.9999999516157324,True,True,8.466545387910625e-08,active_runtime_rank,9.999999384113778e-09,1.5483859442610997e-06,True,True,1.5483858488981428e-14,26,0.03107885716051951,True,3.2312132969281038e-09,True,7.047730421483323e-08,True,True,0.17348897996941928
0.09984180457207868,4,0.20449679165721718,0.028731653368245246,0.9712683466317548,zachary-karate-network,True,6.661338147750939e-16,False,0.06341567801328701,0.0018759360223244445,4.809344436828694e-17,1.4095460842364976e-07,0.42239999999999667,4,"max(||DeltaK||_2,||DeltaY||_2,||DeltaR||_2,||Deltarho||_1)","{'delta': 1.4095460842364976e-07, 'valid': True, 'reason': None, 'active_margin': 0.09984180457207868, 'active_rank': 4, 'persistent_rank': 4, 'persistent_gap': 0.42239999999999667, 'persistent_subspace_bound': 1.334797522327195e-06, 'weighted_projector_bound': 1.5942706618203875e-05, 'load_bound': 5.157288897070606e-05, 'alpha_bound': 0.0007911351554826268, 'packet_bound': 0.0023894523662993093, 'active_subspace_sin_bound': 0.023369093929889877, 'active_formation_bound': 0.07925583906269673}",,1.0,2.050565700003488e-10,0.9999998488716462,True,True,6.81230522523695e-08,active_runtime_rank,9.999999384113778e-09,1.2197688465676036e-06,True,True,1.219768771443721e-14,27,0.03946214438635388,True,2.7337257180182206e-09,True,7.047730421483323e-08,True,True,0.1718990152814562
0.13487695082967485,4,0.2059980410255562,0.029226372654441318,0.9707736273455587,zachary-karate-network,True,6.661338147750939e-16,False,0.040785311150177264,0.001227893577786814,4.809344436828694e-17,1.4095460842364976e-07,0.42239999999999667,4,"max(||DeltaK||_2,||DeltaY||_2,||DeltaR||_2,||Deltarho||_1)","{'delta': 1.4095460842364976e-07, 'valid': True, 'reason': None, 'active_margin': 0.13487695082967485, 'active_rank': 4, 'persistent_rank': 4, 'persistent_gap': 0.42239999999999667, 'persistent_subspace_bound': 1.334797522327195e-06, 'weighted_projector_bound': 1.5967474285080033e-05, 'load_bound': 5.170201661134679e-05, 'alpha_bound': 0.0012336497848779817, 'packet_bound': 0.003705832587153776, 'active_subspace_sin_bound': 0.035979299305026274, 'active_formation_bound': 0.12210310689936364}",,1.0000000000000002,2.0655524975872692e-10,0.9999999110235008,True,True,5.0459086591074417e-08,active_runtime_rank,9.999999384113778e-09,7.958394826346195e-07,True,True,7.958394336199622e-15,28,0.060656471727540406,True,2.2978119962324683e-09,True,7.047730421483323e-08,True,True,0.17345260309981295
0.06784508070702071,4,0.20456446217735103,0.0287666787304732,0.9712333212695268,zachary-karate-network,True,6.661338147750939e-16,False,0.08535128576519915,0.0025279950379286176,4.809344436828694e-17,1.4095460842364976e-07,0.42239999999999667,4,"max(||DeltaK||_2,||DeltaY||_2,||DeltaR||_2,||Deltarho||_1)","{'delta': 1.4095460842364976e-07, 'valid': True, 'reason': None, 'active_margin': 0.06784508070702071, 'active_rank': 4, 'persistent_rank': 4, 'persistent_gap': 0.42239999999999667, 'persistent_subspace_bound': 1.334797522327195e-06, 'weighted_projector_bound': 1.594297864743273e-05, 'load_bound': 5.157430657526413e-05, 'alpha_bound': 0.000587566406590346, 'packet_bound': 0.0017718734841335629, 'active_subspace_sin_bound': 0.017323375382742753, 'active_formation_bound': 0.05879637990797379}",,1.0,2.0512392340138669e-10,0.9999998797847269,True,True,1.0032652822236259e-07,active_runtime_rank,9.999999384113778e-09,1.6418924587924265e-06,True,True,1.641892357670532e-14,29,0.029307224424188573,True,3.1106720532747545e-09,True,7.047730421483323e-08,True,True,0.1719160849204493
0.12482630770163662,4,0.2049020603887173,0.028859032920086583,0.9711409670799134,zachary-karate-network,True,6.661338147750939e-16,False,0.046283801853289244,0.00137539842991808,4.809344436828694e-17,1.4095460842364976e-07,0.42239999999999667,4,"max(||DeltaK||_2,||DeltaY||_2,||DeltaR||_2,||Deltarho||_1)","{'delta': 1.4095460842364976e-07, 'valid': True, 'reason': None, 'active_margin': 0.12482630770163662, 'active_rank': 4, 'persistent_rank': 4, 'persistent_gap': 0.42239999999999667, 'persistent_subspace_bound': 1.334797522327195e-06, 'weighted_projector_bound': 1.59497502326137e-05, 'load_bound': 5.160959935358474e-05, 'alpha_bound': 0.0010852388737787133, 'packet_bound': 0.0032768995141932017, 'active_subspace_sin_bound': 0.031985032341564947, 'active_formation_bound': 0.10854154335331713}",,1.0,2.0546124798314343e-10,0.9999999970503596,True,True,5.4520103417719735e-08,active_runtime_rank,9.999999384113778e-09,8.939506415117648e-07,True,True,8.939505864545765e-15,30,0.053959157296094844,True,2.086353506625116e-09,True,7.047730421483323e-08,True,True,0.17234095255160994
0.07426282313473319,4,0.2026117366277763,0.028112514568434117,0.9718874854315659,zachary-karate-network,True,6.661338147750939e-16,False,0.0783626277961379,0.0022666929542378865,4.809344436828694e-17,1.4095460842364976e-07,0.42239999999999667,4,"max(||DeltaK||_2,||DeltaY||_2,||DeltaR||_2,||Deltarho||_1)","{'delta': 1.4095460842364976e-07, 'valid': True, 'reason': None, 'active_margin': 0.07426282313473319, 'active_rank': 4, 'persistent_rank': 4, 'persistent_gap': 0.42239999999999667, 'persistent_subspace_bound': 1.334797522327195e-06, 'weighted_projector_bound': 1.591214139261785e-05, 'load_bound': 5.141369672468219e-05, 'alpha_bound': 0.0006384693357600414, 'packet_bound': 0.001947483750385045, 'active_subspace_sin_bound': 0.01922379999104224, 'active_formation_bound': 0.06518316371717771}",,0.9999999999999999,2.031748181099939e-10,0.999999776957135,True,True,9.157141537765507e-08,active_runtime_rank,9.999999384113778e-09,1.4806353647145445e-06,True,True,1.4806352735242524e-14,31,0.03247976347114552,True,2.686483369096493e-09,True,7.047730421483323e-08,True,True,0.169980189291234
0.05770464211873961,4,0.1975022791089632,0.02648212040247998,0.97351787959752,zachary-karate-network,True,6.661338147750939e-16,True,0.15833751534419202,0.004307176307134664,4.809344436828694e-17,2.349243473727496e-07,0.42239999999999667,4,"max(||DeltaK||_2,||DeltaY||_2,||DeltaR||_2,||Deltarho||_1)","{'delta': 2.349243473727496e-07, 'valid': True, 'reason': None, 'active_margin': 0.05770464211873961, 'active_rank': 4, 'persistent_rank': 4, 'persistent_gap': 0.42239999999999667, 'persistent_subspace_bound': 2.224662641737463e-06, 'weighted_projector_bound': 2.6383102161711868e-05, 'load_bound': 8.497719353015263e-05, 'alpha_bound': 0.0005230178854940174, 'packet_bound': 0.001645366979949001, 'active_subspace_sin_bound': 0.016661751827595325, 'active_formation_bound': 0.05627995698108712}",,1.0,1.9807435266992197e-10,0.999999694648112,True,True,1.1741088209017717e-07,active_runtime_rank,9.999999384113778e-09,2.8447932163544462e-06,True,True,2.844793041147552e-14,32,0.02805695345338584,True,4.880674531193563e-09,True,1.1746217376540358e-07,True,True,0.16480596634636394
0.1313989708327415,4,0.19379409888830917,0.025330436520917723,0.9746695634790823,zachary-karate-network,True,6.661338147750939e-16,True,0.2015015171043829,0.0052367710854353865,4.809344436828694e-17,7.047730421182488e-07,0.42239999999999667,4,"max(||DeltaK||_2,||DeltaY||_2,||DeltaR||_2,||Deltarho||_1)","{'delta': 7.047730421182488e-07, 'valid': True, 'reason': None, 'active_margin': 0.1313989708327415, 'active_rank': 4, 'persistent_rank': 4, 'persistent_gap': 0.42239999999999667, 'persistent_subspace_bound': 6.673989493094463e-06, 'weighted_projector_bound': 7.885713467926406e-05, 'load_bound': 0.00025342363231485495, 'alpha_bound': 0.001228831215928834, 'packet_bound': 0.0039836264330110555, 'active_subspace_sin_bound': 0.041111947741060764, 'active_formation_bound': 0.12597485250595541}",,1.0,1.943728207024502e-10,0.9999998298679239,True,True,4.677876890616837e-08,active_runtime_rank,9.999999384113778e-09,3.4890022288891474e-06,True,True,3.4890020140063074e-14,33,0.06252851748966477,True,1.4162480549417822e-08,True,3.523865210741661e-07,True,True,0.16112295608075963
